batches/b6/s-12.png,120,179,242859360
batches/b6/s-26.png,61,158,242859360
batches/b6/s-90.png,65,127,242859360
batches/b6/s-131.png,182,250,242859360
batches/b6/s-138.png,112,216,242859360
batches/b6/s-148.png,74,39,242859360
batches/b6/s-149.png,77,31,242859360
batches/b6/s-191.png,117,163,242859360
batches/b6/s-250.png,130,81,242859360
batches/b6/s-272.png,93,34,242859360
batches/b6/s-301.png,45,155,242859360
batches/b6/s-303.png,55,145,242859360
batches/b6/s-314.png,100,143,242859360
batches/b6/s-355.png,140,185,242859360
batches/b6/s-361.png,42,192,242859360
batches/b6/s-370.png,103,45,242859360
batches/b6/s-375.png,110,160,242859360
batches/b6/s-386.png,143,216,242859360
batches/b6/s-395.png,95,12,242859360
batches/b6/s-461.png,46,74,242859360
batches/b6/s-492.png,111,62,242859360
batches/b6/s-494.png,97,38,242859360
batches/b6/s-497.png,110,99,242859360
batches/b6/s-512.png,125,169,242859360
batches/b6/s-565.png,186,193,242859360
batches/b6/s-577.png,99,141,242859360
batches/b6/s-585.png,49,113,242859360
batches/b6/s-617.png,67,63,242859360
batches/b6/s-628.png,143,184,242859360
batches/b6/s-677.png,12,152,242859360
batches/b6/s-713.png,165,26,242859360
batches/b6/s-721.png,37,169,242859360
batches/b6/s-773.png,75,26,242859360
batches/b6/s-814.png,162,70,242859360
batches/b6/s-830.png,92,181,242859360
batches/b6/s-834.png,86,67,242859360
batches/b6/s-867.png,36,148,242859360
batches/b6/s-872.png,123,37,242859360
batches/b6/s-929.png,74,86,242859360
batches/b6/s-939.png,142,183,242859360
batches/b6/s-961.png,84,53,242859360
batches/b6/s-1025.png,50,142,242859360
batches/b6/s-1133.png,167,239,242859360
batches/b6/s-1137.png,147,165,242859360
batches/b6/s-1203.png,119,40,242859360
batches/b6/s-1208.png,78,18,242859360
batches/b6/s-1231.png,21,234,242859360
batches/b6/s-1268.png,113,11,242859360
batches/b6/s-1323.png,138,133,242859360
batches/b6/s-1324.png,92,160,242859360
batches/b6/s-1328.png,97,19,242859360
batches/b6/s-1329.png,115,9,242859360
batches/b6/s-1343.png,99,188,242859360
batches/b6/s-1421.png,25,120,242859360
batches/b6/s-1455.png,59,32,242859360
batches/b6/s-1466.png,47,176,242859360
batches/b6/s-1474.png,209,225,242859360
batches/b6/s-1475.png,133,169,242859360
batches/b6/s-1476.png,148,216,242859360
batches/b6/s-1478.png,23,201,242859360
batches/b6/s-1501.png,150,241,242859360
batches/b6/s-1513.png,123,98,242859360
batches/b6/s-1522.png,79,128,242859360
batches/b6/s-1537.png,198,240,242859360
batches/b6/s-1546.png,18,116,242859360
batches/b6/s-1557.png,86,125,242859360
batches/b6/s-1560.png,98,235,242859360
batches/b6/s-1624.png,74,223,242859360
batches/b6/s-1655.png,228,251,242859360
batches/b6/s-1672.png,54,117,242859360
batches/b6/s-1674.png,49,52,242859360
batches/b6/s-1678.png,98,70,242859360
batches/b6/s-1698.png,94,154,242859360
batches/b6/s-1739.png,96,90,242859360
batches/b6/s-1747.png,136,223,242859360
batches/b6/s-1754.png,154,235,242859360
batches/b6/s-1758.png,103,165,242859360
batches/b6/s-1761.png,88,70,242859360
batches/b6/s-1765.png,82,65,242859360
batches/b6/s-1766.png,100,107,242859360
batches/b6/s-1771.png,61,192,242859360
batches/b6/s-1791.png,15,228,242859360
batches/b6/s-1849.png,87,179,242859360
batches/b6/s-1853.png,1,162,242859360
batches/b6/s-1887.png,87,73,242859360
batches/b6/s-1893.png,74,116,242859360
batches/b6/s-1911.png,76,185,242859360
batches/b6/s-1942.png,131,201,242859360
batches/b6/s-1980.png,4,187,242859360
batches/b6/s-2089.png,202,255,242859360
batches/b6/s-2131.png,81,44,242859360
batches/b6/s-2133.png,120,60,242859360
batches/b6/s-2139.png,46,149,242859360
batches/b6/s-2161.png,16,172,242859360
batches/b6/s-2165.png,19,131,242859360
batches/b6/s-2179.png,125,205,242859360
batches/b6/s-2185.png,165,236,242859360
batches/b6/s-2196.png,137,74,242859360
batches/b6/s-2222.png,65,255,242859360
batches/b6/s-2238.png,98,117,242859360
batches/b6/s-2266.png,32,203,242859360
batches/b6/s-2292.png,125,22,242859360
batches/b6/s-2293.png,93,37,242859360
batches/b6/s-2295.png,113,3,242859360
batches/b6/s-2304.png,126,207,242859360
batches/b6/s-2328.png,20,184,242859360
batches/b6/s-2329.png,47,177,242859360
batches/b6/s-2335.png,205,241,242859360
batches/b6/s-2448.png,74,163,242859360
batches/b6/s-2453.png,49,235,242859360
batches/b6/s-2485.png,129,153,242859360
batches/b6/s-2517.png,62,189,242859360
batches/b6/s-2532.png,6,184,242859360
batches/b6/s-2537.png,63,71,242859360
batches/b6/s-2541.png,113,67,242859360
batches/b6/s-2547.png,133,177,242859360
batches/b6/s-2549.png,89,152,242859360
batches/b6/s-2550.png,131,252,242859360
batches/b6/s-2556.png,151,243,242859360
batches/b6/s-2583.png,211,244,242859360
batches/b6/s-2590.png,123,250,242859360
batches/b6/s-2591.png,7,247,242859360
batches/b6/s-2600.png,42,82,242859360
batches/b6/s-2609.png,89,203,242859360
batches/b6/s-2654.png,3,231,242859360
batches/b6/s-2669.png,84,127,242859360
batches/b6/s-2709.png,230,219,242859360
batches/b6/s-2735.png,145,197,242859360
batches/b6/s-2745.png,120,166,242859360
batches/b6/s-2748.png,137,15,242859360
batches/b6/s-2751.png,104,70,242859360
batches/b6/s-2757.png,68,133,242859360
batches/b6/s-2761.png,24,241,242859360
batches/b6/s-2766.png,252,228,242859360
batches/b6/s-2771.png,194,220,242859360
batches/b6/s-2772.png,142,180,242859360
batches/b6/s-2812.png,129,80,242859360
batches/b6/s-2818.png,53,126,242859360
batches/b6/s-2865.png,165,254,242859360
batches/b6/s-2920.png,92,205,242859360
batches/b6/s-2951.png,208,245,242859360
batches/b6/s-2952.png,238,185,242859360
batches/b6/s-2958.png,126,219,242859360
batches/b6/s-2964.png,26,234,242859360
batches/b6/s-2971.png,97,77,242859360
batches/b6/s-2980.png,132,223,242859360
batches/b6/s-2983.png,140,239,242859360
batches/b6/s-2984.png,152,251,242859360
batches/b6/s-2995.png,95,129,242859360
batches/b6/s-3023.png,65,249,242859360
batches/b6/s-3025.png,52,153,242859360
batches/b6/s-3029.png,44,109,242859360
batches/b6/s-3033.png,75,57,242859360
batches/b6/s-3037.png,137,35,242859360
batches/b6/s-3043.png,83,196,242859360
batches/b6/s-3085.png,29,188,242859360
batches/b6/s-3104.png,69,175,242859360
batches/b6/s-3120.png,121,80,242859360
batches/b6/s-3122.png,85,24,242859360
batches/b6/s-3132.png,31,196,242859360
batches/b6/s-3150.png,55,184,242859360
batches/b6/s-3152.png,43,80,242859360
batches/b6/s-3157.png,95,2,242859360
batches/b6/s-3161.png,130,137,242859360
batches/b6/s-3184.png,73,67,242859360
batches/b6/s-3189.png,45,64,242859360
batches/b6/s-3396.png,94,178,242859360
batches/b6/s-3400.png,52,210,242859360
batches/b6/s-3408.png,79,29,242859360
batches/b6/s-3431.png,110,142,242859360
batches/b6/s-3432.png,57,60,242859360
batches/b6/s-3449.png,210,248,242859360
batches/b6/s-3467.png,130,179,242859360
batches/b6/s-3471.png,80,39,242859360
batches/b6/s-3485.png,179,241,242859360
batches/b6/s-3497.png,133,0,242859360
batches/b6/s-3507.png,80,164,242859360
batches/b6/s-3559.png,123,30,242859360
batches/b6/s-3563.png,74,118,242859360
batches/b6/s-3568.png,18,123,242859360
batches/b6/s-3601.png,159,99,242859360
batches/b6/s-3603.png,111,172,242859360
batches/b6/s-3613.png,127,173,242859360
batches/b6/s-3688.png,147,149,242859360
batches/b6/s-3700.png,199,188,242859360
batches/b6/s-3706.png,201,175,242859360
batches/b6/s-3714.png,20,142,242859360
batches/b6/s-3742.png,117,152,242859360
batches/b6/s-3743.png,97,40,242859360
batches/b6/s-3750.png,94,190,242859360
batches/b6/s-3753.png,136,121,242859360
batches/b6/s-3791.png,95,168,242859360
batches/b6/s-3839.png,92,204,242859360
batches/b6/s-3845.png,111,135,242859360
batches/b6/s-3851.png,85,68,242859360
batches/b6/s-3856.png,88,186,242859360
batches/b6/s-3857.png,134,218,242859360
batches/b6/s-3873.png,78,57,242859360
batches/b6/s-3907.png,47,158,242859360
batches/b6/s-3917.png,146,37,242859360
batches/b6/s-3922.png,141,174,242859360
batches/b6/s-3946.png,122,84,242859360
batches/b6/s-3999.png,74,155,242859360
batches/b6/s-4030.png,136,219,242859360
batches/b6/s-4063.png,109,235,242859360
batches/b6/s-4066.png,58,149,242859360
batches/b6/s-4070.png,120,32,242859360
batches/b6/s-4077.png,55,65,242859360
batches/b6/s-4084.png,102,208,242859360
batches/b6/s-4102.png,13,186,242859360
batches/b6/s-4112.png,119,9,242859360
batches/b6/s-4134.png,115,87,242859360
batches/b6/s-4148.png,25,253,242859360
batches/b6/s-4174.png,74,108,242859360
batches/b6/s-4194.png,133,191,242859360
batches/b6/s-4195.png,141,185,242859360
batches/b6/s-4199.png,120,152,242859360
batches/b6/s-4216.png,84,205,242859360
batches/b6/s-4251.png,118,162,242859360
batches/b6/s-4282.png,98,249,242859360
batches/b6/s-4290.png,196,189,242859360
batches/b6/s-4307.png,74,29,242859360
batches/b6/s-4353.png,188,223,242859360
batches/b6/s-4359.png,183,165,242859360
batches/b6/s-4399.png,115,113,242859360
batches/b6/s-4400.png,88,87,242859360
batches/b6/s-4405.png,131,57,242859360
batches/b6/s-4418.png,182,214,242859360
batches/b6/s-4424.png,230,229,242859360
batches/b6/s-4439.png,109,57,242859360
batches/b6/s-4440.png,88,10,242859360
batches/b6/s-4451.png,92,227,242859360
batches/b6/s-4456.png,157,216,242859360
batches/b6/s-4478.png,39,152,242859360
batches/b6/s-4479.png,23,242,242859360
batches/b6/s-4496.png,19,207,242859360
batches/b6/s-4502.png,57,78,242859360
batches/b6/s-4504.png,56,51,242859360
batches/b6/s-4528.png,132,101,242859360
batches/b6/s-4530.png,89,55,242859360
batches/b6/s-4537.png,83,83,242859360
batches/b6/s-4547.png,127,232,242859360
batches/b6/s-4575.png,119,73,242859360
batches/b6/s-4604.png,64,142,242859360
batches/b6/s-4610.png,53,215,242859360
batches/b6/s-4670.png,77,111,242859360
batches/b6/s-4671.png,98,140,242859360
batches/b6/s-4677.png,67,244,242859360
batches/b6/s-4686.png,187,200,242859360
batches/b6/s-4702.png,71,21,242859360
batches/b6/s-4746.png,167,213,242859360
batches/b6/s-4761.png,53,161,242859360
batches/b6/s-4797.png,84,25,242859360
batches/b6/s-4806.png,10,197,242859360
batches/b6/s-4830.png,95,26,242859360
batches/b6/s-4832.png,90,42,242859360
batches/b6/s-4838.png,114,158,242859360
batches/b6/s-4840.png,94,160,242859360
batches/b6/s-4848.png,155,253,242859360
batches/b6/s-4872.png,12,241,242859360
batches/b6/s-4906.png,87,170,242859360
batches/b6/s-4913.png,167,250,242859360
batches/b6/s-4930.png,90,70,242859360
batches/b6/s-4944.png,213,241,242859360
batches/b6/s-5008.png,128,221,242859360
batches/b6/s-5016.png,131,234,242859360
batches/b6/s-5028.png,42,16,242859360
batches/b6/s-5049.png,150,187,242859360
batches/b6/s-5057.png,79,49,242859360
batches/b6/s-5074.png,172,152,242859360
batches/b6/s-5096.png,142,24,242859360
batches/b6/s-5098.png,136,76,242859360
batches/b6/s-5100.png,121,63,242859360
batches/b6/s-5122.png,119,64,242859360
batches/b6/s-5142.png,251,170,242859360
batches/b6/s-5150.png,82,216,242859360
batches/b6/s-5151.png,33,180,242859360
batches/b6/s-5154.png,62,235,242859360
batches/b6/s-5192.png,86,122,242859360
batches/b6/s-5195.png,35,135,242859360
batches/b6/s-5232.png,103,112,242859360
batches/b6/s-5259.png,36,105,242859360
batches/b6/s-5300.png,96,189,242859360
batches/b6/s-5310.png,130,213,242859360
batches/b6/s-5326.png,47,195,242859360
batches/b6/s-5346.png,87,182,242859360
batches/b6/s-5381.png,129,56,242859360
batches/b6/s-5388.png,98,30,242859360
batches/b6/s-5417.png,31,135,242859360
batches/b6/s-5423.png,72,3,242859360
batches/b6/s-5426.png,87,72,242859360
batches/b6/s-5446.png,115,112,242859360
batches/b6/s-5455.png,91,86,242859360
batches/b6/s-5477.png,33,254,242859360
batches/b6/s-5478.png,109,221,242859360
batches/b6/s-5486.png,113,51,242859360
batches/b6/s-5546.png,42,225,242859360
batches/b6/s-5577.png,84,162,242859360
batches/b6/s-5621.png,136,22,242859360
batches/b6/s-5746.png,31,55,242859360
batches/b6/s-5762.png,107,244,242859360
batches/b6/s-5779.png,90,17,242859360
batches/b6/s-5797.png,215,246,242859360
batches/b6/s-5800.png,44,182,242859360
batches/b6/s-5821.png,84,179,242859360
batches/b6/s-5831.png,115,228,242859360
batches/b6/s-5878.png,112,64,242859360
batches/b6/s-5897.png,123,200,242859360
batches/b6/s-5904.png,82,31,242859360
batches/b6/s-5906.png,115,9,242859360
batches/b6/s-5914.png,34,185,242859360
batches/b6/s-5930.png,63,242,242859360
batches/b6/s-5968.png,81,40,242859360
batches/b6/s-6017.png,89,209,242859360
batches/b6/s-6074.png,110,37,242859360
batches/b6/s-6096.png,105,148,242859360
batches/b6/s-6125.png,118,212,242859360
batches/b6/s-6126.png,12,174,242859360
batches/b6/s-6132.png,54,165,242859360
batches/b6/s-6133.png,73,100,242859360
batches/b6/s-6138.png,112,86,242859360
batches/b6/s-6164.png,133,56,242859360
batches/b6/s-6238.png,50,142,242859360
batches/b6/s-6278.png,132,141,242859360
batches/b6/s-6293.png,99,113,242859360
batches/b6/s-6309.png,13,240,242859360
batches/b6/s-6311.png,10,221,242859360
batches/b6/s-6370.png,35,142,242859360
batches/b6/s-6401.png,93,40,242859360
batches/b6/s-6430.png,55,181,242859360
batches/b6/s-6431.png,35,105,242859360
batches/b6/s-6484.png,5,224,242859360
batches/b7/s-2.png,245,255,242859360
batches/b7/s-18.png,177,53,242859360
batches/b7/s-42.png,125,23,242859360
batches/b7/s-47.png,124,67,242859360
batches/b7/s-48.png,131,149,242859360
batches/b7/s-49.png,181,146,242859360
batches/b7/s-50.png,143,137,242859360
batches/b7/s-53.png,60,181,242859360
batches/b7/s-74.png,78,199,242859360
batches/b7/s-76.png,128,50,242859360
batches/b7/s-84.png,163,72,242859360
batches/b7/s-102.png,143,84,242859360
batches/b7/s-103.png,193,116,242859360
batches/b7/s-108.png,151,63,242859360
batches/b7/s-206.png,165,54,242859360
batches/b7/s-263.png,130,43,242859360
batches/b7/s-298.png,132,77,242859360
batches/b7/s-299.png,98,130,242859360
batches/b7/s-303.png,89,188,242859360
batches/b7/s-304.png,104,225,242859360
batches/b7/s-305.png,140,149,242859360
batches/b7/s-316.png,124,199,242859360
batches/b7/s-320.png,55,215,242859360
batches/b7/s-321.png,69,156,242859360
batches/b7/s-324.png,71,109,242859360
batches/b7/s-325.png,131,138,242859360
batches/b7/s-352.png,173,142,242859360
batches/b7/s-382.png,86,227,242859360
batches/b7/s-396.png,160,5,242859360
batches/b7/s-454.png,156,77,242859360
batches/b7/s-463.png,214,183,242859360
batches/b7/s-485.png,108,88,242859360
batches/b7/s-486.png,100,61,242859360
batches/b7/s-488.png,118,165,242859360
batches/b7/s-503.png,252,230,242859360
batches/b7/s-567.png,112,236,242859360
batches/b7/s-587.png,147,251,242859360
batches/b7/s-641.png,179,37,242859360
batches/b7/s-706.png,150,29,242859360
batches/b7/s-711.png,177,122,242859360
batches/b7/s-724.png,163,114,242859360
batches/b7/s-737.png,105,149,242859360
batches/b7/s-740.png,59,174,242859360
batches/b7/s-752.png,219,226,242859360
batches/b7/s-773.png,174,160,242859360
batches/b7/s-776.png,201,184,242859360
batches/b7/s-786.png,185,229,242859360
batches/b7/s-801.png,108,161,242859360
batches/b7/s-816.png,139,230,242859360
batches/b7/s-856.png,142,74,242859360
batches/b7/s-862.png,151,121,242859360
batches/b7/s-900.png,142,176,242859360
batches/b7/s-912.png,201,180,242859360
batches/b7/s-916.png,157,54,242859360
batches/b7/s-927.png,103,178,242859360
batches/b7/s-960.png,153,98,242859360
batches/b7/s-990.png,91,166,242859360
batches/b7/s-993.png,92,251,242859360
batches/b7/s-997.png,223,221,242859360
batches/b7/s-1010.png,92,195,242859360
batches/b7/s-1020.png,157,63,242859360
batches/b7/s-1021.png,168,10,242859360
batches/b7/s-1029.png,194,204,242859360
batches/b7/s-1030.png,209,217,242859360
batches/b7/s-1041.png,179,68,242859360
batches/b7/s-1042.png,164,68,242859360
batches/b7/s-1043.png,159,92,242859360
batches/b7/s-1045.png,155,3,242859360
batches/b7/s-1078.png,104,44,242859360
batches/b7/s-1168.png,121,140,242859360
batches/b7/s-1180.png,92,244,242859360
batches/b7/s-1204.png,130,122,242859360
batches/b7/s-1302.png,74,114,242859360
batches/b7/s-1321.png,47,207,242859360
batches/b7/s-1335.png,166,70,242859360
batches/b7/s-1343.png,145,218,242859360
batches/b7/s-1383.png,76,227,242859360
batches/b7/s-1387.png,78,149,242859360
batches/b7/s-1397.png,161,69,242859360
batches/b7/s-1433.png,149,184,242859360
batches/b7/s-1437.png,251,238,242859360
batches/b7/s-1478.png,187,67,242859360
batches/b7/s-1492.png,129,172,242859360
batches/b7/s-1512.png,105,67,242859360
batches/b7/s-1515.png,99,144,242859360
batches/b7/s-1560.png,127,254,242859360
batches/b7/s-1578.png,83,109,242859360
batches/b7/s-1594.png,172,186,242859360
batches/b7/s-1605.png,153,73,242859360
batches/b7/s-1606.png,154,25,242859360
batches/b7/s-1607.png,187,70,242859360
batches/b7/s-1622.png,109,187,242859360
batches/b7/s-1624.png,186,182,242859360
batches/b7/s-1639.png,73,179,242859360
batches/b7/s-1640.png,67,68,242859360
batches/b7/s-1672.png,144,58,242859360
batches/b7/s-1682.png,157,187,242859360
batches/b7/s-1711.png,127,14,242859360
batches/b7/s-1717.png,214,229,242859360
batches/b7/s-1748.png,181,187,242859360
batches/b7/s-1749.png,227,227,242859360
batches/b7/s-1760.png,91,212,242859360
batches/b7/s-1765.png,118,94,242859360
batches/b7/s-1777.png,62,137,242859360
batches/b7/s-1800.png,142,63,242859360
batches/b7/s-1833.png,135,35,242859360
batches/b7/s-1844.png,157,252,242859360
batches/b7/s-1864.png,121,109,242859360
batches/b7/s-1874.png,188,183,242859360
batches/b7/s-1887.png,53,176,242859360
batches/b7/s-1889.png,128,189,242859360
batches/b7/s-1936.png,175,179,242859360
batches/b7/s-1966.png,145,230,242859360
batches/b7/s-1979.png,155,144,242859360
batches/b7/s-1981.png,140,42,242859360
batches/b7/s-1987.png,152,19,242859360
batches/b7/s-1988.png,159,160,242859360
batches/b7/s-1992.png,140,185,242859360
batches/b7/s-2027.png,114,152,242859360
batches/b7/s-2061.png,135,224,242859360
batches/b7/s-2114.png,133,109,242859360
batches/b7/s-2117.png,112,130,242859360
batches/b7/s-2133.png,182,201,242859360
batches/b7/s-2159.png,192,254,242859360
batches/b7/s-2188.png,176,191,242859360
batches/b7/s-2231.png,199,112,242859360
batches/b7/s-2232.png,154,82,242859360
batches/b7/s-2259.png,202,166,242859360
batches/b7/s-2277.png,130,91,242859360
batches/b7/s-2308.png,119,103,242859360
batches/b7/s-2313.png,102,233,242859360
batches/b7/s-2344.png,136,120,242859360
batches/b7/s-2353.png,172,178,242859360
batches/b7/s-2355.png,144,241,242859360
batches/b7/s-2367.png,76,20,242859360
batches/b7/s-2397.png,151,76,242859360
batches/b7/s-2398.png,87,86,242859360
batches/b7/s-2403.png,119,87,242859360
batches/b7/s-2407.png,180,195,242859360
batches/b7/s-2408.png,174,233,242859360
batches/b7/s-2417.png,192,139,242859360
batches/b7/s-2425.png,136,6,242859360
batches/b7/s-2426.png,106,150,242859360
batches/b7/s-2435.png,196,217,242859360
batches/b7/s-2447.png,157,182,242859360
batches/b7/s-2451.png,84,194,242859360
batches/b7/s-2464.png,169,119,242859360
batches/b7/s-2491.png,221,167,242859360
batches/b7/s-2501.png,184,163,242859360
batches/b7/s-2510.png,133,215,242859360
batches/b7/s-2514.png,146,219,242859360
batches/b7/s-2525.png,194,153,242859360
batches/b7/s-2557.png,130,177,242859360
batches/b7/s-2564.png,170,243,242859360
batches/b7/s-2578.png,70,175,242859360
batches/b7/s-2593.png,151,89,242859360
batches/b7/s-2599.png,174,256,242859360
batches/b7/s-2609.png,188,78,242859360
batches/b7/s-2621.png,99,224,242859360
batches/b7/s-2641.png,86,179,242859360
batches/b7/s-2683.png,91,219,242859360
batches/b7/s-2686.png,38,201,242859360
batches/b7/s-2689.png,139,230,242859360
batches/b7/s-2707.png,167,57,242859360
batches/b7/s-2740.png,135,36,242859360
batches/b7/s-2750.png,129,190,242859360
batches/b7/s-2764.png,51,253,242859360
batches/b7/s-2769.png,149,87,242859360
batches/b7/s-2773.png,140,2,242859360
batches/b7/s-2795.png,163,194,242859360
batches/b7/s-2807.png,178,122,242859360
batches/b7/s-2830.png,67,182,242859360
batches/b7/s-2840.png,186,61,242859360
batches/b7/s-2841.png,161,116,242859360
batches/b7/s-2842.png,165,8,242859360
batches/b7/s-2844.png,134,220,242859360
batches/b7/s-2867.png,93,29,242859360
batches/b7/s-2868.png,128,44,242859360
batches/b7/s-2869.png,136,115,242859360
batches/b7/s-2907.png,160,174,242859360
batches/b7/s-2910.png,149,253,242859360
batches/b7/s-2922.png,227,61,242859360
batches/b7/s-2924.png,169,84,242859360
batches/b7/s-2941.png,191,157,242859360
batches/b7/s-2957.png,149,125,242859360
batches/b7/s-2994.png,130,151,242859360
batches/b7/s-3000.png,48,241,242859360
batches/b7/s-3048.png,109,137,242859360
batches/b7/s-3059.png,124,132,242859360
batches/b7/s-3061.png,108,197,242859360
batches/b7/s-3067.png,220,239,242859360
batches/b7/s-3082.png,58,82,242859360
batches/b7/s-3092.png,155,74,242859360
batches/b7/s-3093.png,181,155,242859360
batches/b7/s-3137.png,209,233,242859360
batches/b7/s-3201.png,157,246,242859360
batches/b7/s-3265.png,88,250,242859360
batches/b7/s-3269.png,115,107,242859360
batches/b7/s-3308.png,68,156,242859360
batches/b7/s-3314.png,170,178,242859360
batches/b7/s-3323.png,186,218,242859360
batches/b7/s-3331.png,70,97,242859360
batches/b7/s-3349.png,184,247,242859360
batches/b7/s-3378.png,182,181,242859360
batches/b7/s-3403.png,171,23,242859360
batches/b7/s-3520.png,73,125,242859360
batches/b7/s-3524.png,110,39,242859360
batches/b7/s-3530.png,134,122,242859360
batches/b7/s-3531.png,149,50,242859360
batches/b7/s-3551.png,182,41,242859360
batches/b7/s-3575.png,220,213,242859360
batches/b7/s-3613.png,184,138,242859360
batches/b7/s-3614.png,172,55,242859360
batches/b7/s-3624.png,119,159,242859360
batches/b7/s-3625.png,116,155,242859360
batches/b7/s-3649.png,137,54,242859360
batches/b7/s-3651.png,158,51,242859360
batches/b7/s-3656.png,152,32,242859360
batches/b7/s-3686.png,128,171,242859360
batches/b7/s-3688.png,110,190,242859360
batches/b7/s-3693.png,150,172,242859360
batches/b7/s-3710.png,67,125,242859360
batches/b7/s-3711.png,109,101,242859360
batches/b7/s-3712.png,131,120,242859360
batches/b7/s-3741.png,125,76,242859360
batches/b7/s-3746.png,127,101,242859360
batches/b7/s-3776.png,118,89,242859360
batches/b7/s-3783.png,165,128,242859360
batches/b7/s-3829.png,115,211,242859360
batches/b7/s-3841.png,113,24,242859360
batches/b7/s-3876.png,59,225,242859360
batches/b7/s-3893.png,110,166,242859360
batches/b7/s-3912.png,178,198,242859360
batches/b7/s-3913.png,181,238,242859360
batches/b7/s-3924.png,170,167,242859360
batches/b7/s-3942.png,92,189,242859360
batches/b7/s-3945.png,175,238,242859360
batches/b7/s-3958.png,70,249,242859360
batches/b7/s-3979.png,180,217,242859360
batches/b7/s-3998.png,173,87,242859360
batches/b7/s-4001.png,104,195,242859360
batches/b7/s-4030.png,116,40,242859360
batches/b7/s-4039.png,193,215,242859360
batches/b7/s-4066.png,95,161,242859360
batches/b7/s-4114.png,192,158,242859360
batches/b7/s-4129.png,11,251,242859360
batches/b7/s-4161.png,179,95,242859360
batches/b7/s-4166.png,153,211,242859360
batches/b7/s-4182.png,164,8,242859360
batches/b7/s-4208.png,170,245,242859360
batches/b7/s-4221.png,142,27,242859360
batches/b7/s-4243.png,177,124,242859360
batches/b7/s-4251.png,109,159,242859360
batches/b7/s-4252.png,133,174,242859360
batches/b7/s-4255.png,69,224,242859360
batches/b7/s-4277.png,92,116,242859360
batches/b7/s-4280.png,135,88,242859360
batches/b7/s-4319.png,100,210,242859360
batches/b7/s-4320.png,49,231,242859360
batches/b7/s-4325.png,240,219,242859360
batches/b7/s-4338.png,67,152,242859360
batches/b7/s-4362.png,245,172,242859360
batches/b7/s-4377.png,115,116,242859360
batches/b7/s-4380.png,54,156,242859360
batches/b7/s-4381.png,42,194,242859360
batches/b7/s-4382.png,74,198,242859360
batches/b7/s-4383.png,108,243,242859360
batches/b7/s-4384.png,222,212,242859360
batches/b7/s-4401.png,106,156,242859360
batches/b7/s-4408.png,175,74,242859360
batches/b7/s-4413.png,135,112,242859360
batches/b7/s-4426.png,181,138,242859360
batches/b7/s-4475.png,131,124,242859360
batches/b7/s-4483.png,217,222,242859360
batches/b7/s-4495.png,171,28,242859360
batches/b7/s-4519.png,137,210,242859360
batches/b7/s-4524.png,103,116,242859360
batches/b7/s-4547.png,169,228,242859360
batches/b7/s-4549.png,167,227,242859360
batches/b7/s-4550.png,132,197,242859360
batches/b7/s-4565.png,79,205,242859360
batches/b7/s-4595.png,155,73,242859360
batches/b7/s-4596.png,136,47,242859360
batches/b7/s-4608.png,250,235,242859360
batches/b7/s-4716.png,159,82,242859360
batches/b7/s-4717.png,138,87,242859360
batches/b7/s-4749.png,146,35,242859360
batches/b7/s-4764.png,164,225,242859360
batches/b7/s-4834.png,230,214,242859360
batches/b7/s-4835.png,212,214,242859360
batches/b7/s-4850.png,144,33,242859360
batches/b7/s-4851.png,2,20,242859360
batches/b7/s-4908.png,118,63,242859360
batches/b7/s-4909.png,159,10,242859360
batches/b7/s-4945.png,89,198,242859360
batches/b7/s-4950.png,130,209,242859360
batches/b7/s-4976.png,178,133,242859360
batches/b7/s-5024.png,133,229,242859360
batches/b7/s-5055.png,180,198,242859360
batches/b7/s-5056.png,180,193,242859360
batches/b7/s-5162.png,151,19,242859360
batches/b7/s-5170.png,188,216,242859360
batches/b7/s-5209.png,151,188,242859360
batches/b7/s-5238.png,190,202,242859360
batches/b7/s-5263.png,208,253,242859360
batches/b7/s-5272.png,150,175,242859360
batches/b7/s-5307.png,135,112,242859360
batches/b7/s-5374.png,135,44,242859360
batches/b7/s-5379.png,144,74,242859360
batches/b7/s-5398.png,164,173,242859360
batches/b7/s-5404.png,70,139,242859360
batches/b7/s-5405.png,70,202,242859360
batches/b7/s-5412.png,151,50,242859360
batches/b7/s-5426.png,191,246,242859360
batches/b7/s-5436.png,171,14,242859360
batches/b7/s-5437.png,159,56,242859360
batches/b7/s-5452.png,212,249,242859360
batches/b7/s-5492.png,157,150,242859360
batches/b7/s-5493.png,161,109,242859360
batches/b7/s-5506.png,80,163,242859360
batches/b7/s-5521.png,241,252,242859360
batches/b7/s-5522.png,134,203,242859360
batches/b7/s-5525.png,90,252,242859360
batches/b7/s-5574.png,162,255,242859360
batches/b7/s-5600.png,170,135,242859360
batches/b7/s-5604.png,156,241,242859360
batches/b7/s-5612.png,199,188,242859360
batches/b7/s-5616.png,175,138,242859360
batches/b7/s-5653.png,97,2,242859360
batches/b7/s-5683.png,133,0,242859360
batches/b7/s-5685.png,112,11,242859360
batches/b7/s-5709.png,109,247,242859360
batches/b7/s-5716.png,117,71,242859360
batches/b7/s-5727.png,121,108,242859360
batches/b7/s-5730.png,201,175,242859360
batches/b7/s-5763.png,181,251,242859360
batches/b7/s-5774.png,80,194,242859360
batches/b7/s-5787.png,173,23,242859360
batches/b7/s-5810.png,140,75,242859360
batches/b7/s-5817.png,84,132,242859360
batches/b7/s-5847.png,130,67,242859360
batches/b7/s-5848.png,151,19,242859360
batches/b7/s-5849.png,152,54,242859360
batches/b7/s-5890.png,194,186,242859360
batches/b7/s-5892.png,249,238,242859360
batches/b7/s-5927.png,191,247,242859360
batches/b7/s-5952.png,132,191,242859360
batches/b7/s-5971.png,109,47,242859360
batches/b7/s-5975.png,174,53,242859360
batches/b7/s-5983.png,93,244,242859360
batches/b7/s-5995.png,152,120,242859360
batches/b7/s-5997.png,117,140,242859360
batches/b7/s-5998.png,150,99,242859360
batches/b7/s-6003.png,113,6,242859360
batches/b7/s-6025.png,139,185,242859360
batches/b7/s-6030.png,55,124,242859360
batches/b7/s-6043.png,171,141,242859360
batches/b7/s-6047.png,141,231,242859360
batches/b7/s-6052.png,189,188,242859360
batches/b7/s-6069.png,135,143,242859360
batches/b7/s-6077.png,215,173,242859360
batches/b7/s-6088.png,87,243,242859360
batches/b7/s-6097.png,136,13,242859360
batches/b7/s-6146.png,173,216,242859360
batches/b7/s-6152.png,131,209,242859360
batches/b7/s-6179.png,197,183,242859360
batches/b7/s-6266.png,97,213,242859360
batches/b8/s-25.png,150,9,242859360
batches/b8/s-32.png,177,223,242859360
batches/b8/s-41.png,155,206,242859360
batches/b8/s-52.png,158,87,242859360
batches/b8/s-61.png,62,207,242859360
batches/b8/s-113.png,137,130,242859360
batches/b8/s-128.png,196,175,242859360
batches/b8/s-141.png,63,246,242859360
batches/b8/s-173.png,146,198,242859360
batches/b8/s-185.png,59,96,242859360
batches/b8/s-248.png,138,83,242859360
batches/b8/s-265.png,157,198,242859360
batches/b8/s-299.png,223,118,242859360
batches/b8/s-300.png,153,203,242859360
batches/b8/s-309.png,153,41,242859360
batches/b8/s-364.png,193,234,242859360
batches/b8/s-384.png,65,191,242859360
batches/b8/s-385.png,108,243,242859360
batches/b8/s-386.png,159,247,242859360
batches/b8/s-388.png,160,177,242859360
batches/b8/s-464.png,84,205,242859360
batches/b8/s-474.png,158,12,242859360
batches/b8/s-504.png,182,25,242859360
batches/b8/s-536.png,97,106,242859360
batches/b8/s-545.png,140,30,242859360
batches/b8/s-546.png,184,112,242859360
batches/b8/s-581.png,116,178,242859360
batches/b8/s-584.png,209,203,242859360
batches/b8/s-598.png,118,184,242859360
batches/b8/s-629.png,162,163,242859360
batches/b8/s-692.png,178,164,242859360
batches/b8/s-695.png,127,159,242859360
batches/b8/s-703.png,152,28,242859360
batches/b8/s-731.png,81,226,242859360
batches/b8/s-732.png,94,195,242859360
batches/b8/s-754.png,216,248,242859360
batches/b8/s-764.png,164,141,242859360
batches/b8/s-779.png,70,227,242859360
batches/b8/s-805.png,178,66,242859360
batches/b8/s-826.png,172,214,242859360
batches/b8/s-831.png,201,107,242859360
batches/b8/s-832.png,167,62,242859360
batches/b8/s-833.png,173,66,242859360
batches/b8/s-839.png,127,162,242859360
batches/b8/s-845.png,99,194,242859360
batches/b8/s-858.png,146,199,242859360
batches/b8/s-859.png,129,238,242859360
batches/b8/s-860.png,77,240,242859360
batches/b8/s-863.png,71,145,242859360
batches/b8/s-883.png,148,227,242859360
batches/b8/s-889.png,167,202,242859360
batches/b8/s-892.png,176,183,242859360
batches/b8/s-895.png,147,157,242859360
batches/b8/s-896.png,131,80,242859360
batches/b8/s-911.png,164,211,242859360
batches/b8/s-938.png,168,52,242859360
batches/b8/s-956.png,153,176,242859360
batches/b8/s-986.png,226,205,242859360
batches/b8/s-989.png,99,218,242859360
batches/b8/s-991.png,84,168,242859360
batches/b8/s-996.png,128,35,242859360
batches/b8/s-1061.png,144,109,242859360
batches/b8/s-1070.png,143,175,242859360
batches/b8/s-1130.png,113,53,242859360
batches/b8/s-1131.png,130,30,242859360
batches/b8/s-1141.png,209,102,242859360
batches/b8/s-1159.png,134,48,242859360
batches/b8/s-1160.png,123,60,242859360
batches/b8/s-1190.png,124,241,242859360
batches/b8/s-1202.png,148,122,242859360
batches/b8/s-1218.png,177,216,242859360
batches/b8/s-1219.png,140,172,242859360
batches/b8/s-1242.png,210,185,242859360
batches/b8/s-1243.png,241,175,242859360
batches/b8/s-1252.png,23,234,242859360
batches/b8/s-1298.png,78,139,242859360
batches/b8/s-1320.png,89,190,242859360
batches/b8/s-1370.png,161,253,242859360
batches/b8/s-1389.png,108,166,242859360
batches/b8/s-1397.png,157,83,242859360
batches/b8/s-1409.png,220,243,242859360
batches/b8/s-1416.png,193,120,242859360
batches/b8/s-1422.png,143,62,242859360
batches/b8/s-1456.png,106,97,242859360
batches/b8/s-1496.png,63,198,242859360
batches/b8/s-1527.png,129,99,242859360
batches/b8/s-1530.png,140,127,242859360
batches/b8/s-1578.png,43,218,242859360
batches/b8/s-1581.png,110,166,242859360
batches/b8/s-1582.png,45,170,242859360
batches/b8/s-1614.png,179,107,242859360
batches/b8/s-1640.png,196,223,242859360
batches/b8/s-1657.png,139,44,242859360
batches/b8/s-1675.png,161,104,242859360
batches/b8/s-1704.png,242,199,242859360
batches/b8/s-1705.png,194,178,242859360
batches/b8/s-1720.png,171,10,242859360
batches/b8/s-1726.png,181,149,242859360
batches/b8/s-1728.png,200,237,242859360
batches/b8/s-1729.png,184,214,242859360
batches/b8/s-1746.png,159,26,242859360
batches/b8/s-1760.png,189,256,242859360
batches/b8/s-1769.png,229,209,242859360
batches/b8/s-1775.png,90,207,242859360
batches/b8/s-1836.png,133,204,242859360
batches/b8/s-1852.png,164,104,242859360
batches/b8/s-1892.png,228,209,242859360
batches/b8/s-1902.png,62,187,242859360
batches/b8/s-1905.png,50,225,242859360
batches/b8/s-1911.png,132,26,242859360
batches/b8/s-1941.png,155,21,242859360
batches/b8/s-1970.png,102,147,242859360
batches/b8/s-1971.png,102,119,242859360
batches/b8/s-1989.png,174,181,242859360
batches/b8/s-1995.png,185,118,242859360
batches/b8/s-2030.png,114,247,242859360
batches/b8/s-2031.png,153,221,242859360
batches/b8/s-2120.png,205,188,242859360
batches/b8/s-2141.png,120,136,242859360
batches/b8/s-2145.png,87,190,242859360
batches/b8/s-2160.png,145,242,242859360
batches/b8/s-2171.png,76,116,242859360
batches/b8/s-2199.png,119,12,242859360
batches/b8/s-2217.png,229,191,242859360
batches/b8/s-2234.png,92,151,242859360
batches/b8/s-2236.png,136,105,242859360
batches/b8/s-2238.png,172,5,242859360
batches/b8/s-2254.png,218,252,242859360
batches/b8/s-2259.png,159,154,242859360
batches/b8/s-2323.png,169,247,242859360
batches/b8/s-2326.png,200,80,242859360
batches/b8/s-2336.png,118,144,242859360
batches/b8/s-2355.png,217,198,242859360
batches/b8/s-2357.png,77,256,242859360
batches/b8/s-2377.png,199,209,242859360
batches/b8/s-2422.png,92,235,242859360
batches/b8/s-2424.png,81,249,242859360
batches/b8/s-2426.png,94,116,242859360
batches/b8/s-2464.png,133,38,242859360
batches/b8/s-2469.png,122,172,242859360
batches/b8/s-2484.png,192,205,242859360
batches/b8/s-2485.png,216,214,242859360
batches/b8/s-2496.png,101,40,242859360
batches/b8/s-2504.png,167,123,242859360
batches/b8/s-2582.png,181,232,242859360
batches/b8/s-2585.png,174,184,242859360
batches/b8/s-2596.png,109,138,242859360
batches/b8/s-2645.png,204,192,242859360
batches/b8/s-2749.png,73,161,242859360
batches/b8/s-2779.png,138,200,242859360
batches/b8/s-2823.png,170,36,242859360
batches/b8/s-2869.png,250,218,242859360
batches/b8/s-2876.png,175,247,242859360
batches/b8/s-2884.png,107,134,242859360
batches/b8/s-2894.png,154,107,242859360
batches/b8/s-2895.png,180,143,242859360
batches/b8/s-2902.png,239,254,242859360
batches/b8/s-2931.png,208,191,242859360
batches/b8/s-2941.png,141,223,242859360
batches/b8/s-2956.png,157,85,242859360
batches/b8/s-2958.png,189,42,242859360
batches/b8/s-3010.png,52,145,242859360
batches/b8/s-3025.png,127,134,242859360
batches/b8/s-3037.png,161,205,242859360
batches/b8/s-3042.png,187,95,242859360
batches/b8/s-3083.png,137,73,242859360
batches/b8/s-3084.png,144,12,242859360
batches/b8/s-3137.png,119,213,242859360
batches/b8/s-3148.png,129,63,242859360
batches/b8/s-3177.png,145,70,242859360
batches/b8/s-3236.png,187,86,242859360
batches/b8/s-3238.png,128,86,242859360
batches/b8/s-3239.png,169,128,242859360
batches/b8/s-3244.png,158,58,242859360
batches/b8/s-3245.png,150,61,242859360
batches/b8/s-3254.png,142,246,242859360
batches/b8/s-3268.png,66,220,242859360
batches/b8/s-3299.png,140,176,242859360
batches/b8/s-3302.png,139,157,242859360
batches/b8/s-3306.png,179,83,242859360
batches/b8/s-3311.png,152,131,242859360
batches/b8/s-3318.png,83,209,242859360
batches/b8/s-3342.png,128,44,242859360
batches/b8/s-3343.png,146,27,242859360
batches/b8/s-3344.png,162,28,242859360
batches/b8/s-3429.png,163,106,242859360
batches/b8/s-3433.png,130,132,242859360
batches/b8/s-3509.png,65,233,242859360
batches/b8/s-3523.png,225,253,242859360
batches/b8/s-3568.png,132,97,242859360
batches/b8/s-3571.png,121,98,242859360
batches/b8/s-3581.png,229,214,242859360
batches/b8/s-3620.png,195,183,242859360
batches/b8/s-3621.png,178,235,242859360
batches/b8/s-3660.png,103,119,242859360
batches/b8/s-3690.png,175,129,242859360
batches/b8/s-3768.png,107,207,242859360
batches/b8/s-3794.png,160,89,242859360
batches/b8/s-3918.png,49,111,242859360
batches/b8/s-3922.png,134,146,242859360
batches/b8/s-3954.png,146,58,242859360
batches/b8/s-3969.png,243,179,242859360
batches/b8/s-3975.png,243,244,242859360
batches/b8/s-3995.png,137,181,242859360
batches/b8/s-4010.png,159,121,242859360
batches/b8/s-4057.png,130,64,242859360
batches/b8/s-4058.png,136,76,242859360
batches/b8/s-4067.png,167,208,242859360
batches/b8/s-4087.png,135,110,242859360
batches/b8/s-4093.png,92,244,242859360
batches/b8/s-4152.png,101,143,242859360
batches/b8/s-4176.png,123,189,242859360
batches/b8/s-4185.png,161,30,242859360
batches/b8/s-4196.png,202,231,242859360
batches/b8/s-4199.png,186,248,242859360
batches/b8/s-4220.png,102,139,242859360
batches/b8/s-4250.png,116,62,242859360
batches/b8/s-4251.png,153,23,242859360
batches/b8/s-4252.png,175,53,242859360
batches/b8/s-4267.png,202,162,242859360
batches/b8/s-4367.png,104,196,242859360
batches/b8/s-4396.png,253,198,242859360
batches/b8/s-4402.png,136,78,242859360
batches/b8/s-4414.png,78,149,242859360
batches/b8/s-4431.png,149,155,242859360
batches/b8/s-4483.png,121,215,242859360
batches/b8/s-4500.png,140,181,242859360
batches/b8/s-4508.png,90,47,242859360
batches/b8/s-4512.png,157,56,242859360
batches/b8/s-4529.png,242,168,242859360
batches/b8/s-4542.png,140,100,242859360
batches/b8/s-4549.png,103,214,242859360
batches/b8/s-4562.png,216,210,242859360
batches/b8/s-4601.png,165,98,242859360
batches/b8/s-4606.png,109,61,242859360
batches/b8/s-4613.png,66,237,242859360
batches/b8/s-4618.png,147,162,242859360
batches/b8/s-4619.png,189,200,242859360
batches/b8/s-4637.png,133,57,242859360
batches/b8/s-4647.png,179,122,242859360
batches/b8/s-4656.png,215,192,242859360
batches/b8/s-4675.png,117,217,242859360
batches/b8/s-4711.png,164,134,242859360
batches/b8/s-4714.png,171,256,242859360
batches/b8/s-4744.png,66,210,242859360
batches/b8/s-4800.png,122,13,242859360
batches/b8/s-4821.png,120,72,242859360
batches/b8/s-4827.png,175,73,242859360
batches/b8/s-4838.png,136,49,242859360
batches/b8/s-4894.png,101,126,242859360
batches/b8/s-4901.png,77,13,242859360
batches/b8/s-4927.png,112,2,242859360
batches/b8/s-4931.png,188,177,242859360
batches/b8/s-4936.png,58,223,242859360
batches/b8/s-4966.png,175,146,242859360
batches/b8/s-4971.png,144,190,242859360
batches/b8/s-4993.png,141,49,242859360
batches/b8/s-4995.png,88,119,242859360
batches/b8/s-5019.png,96,214,242859360
batches/b8/s-5075.png,241,168,242859360
batches/b8/s-5083.png,203,212,242859360
batches/b8/s-5084.png,85,154,242859360
batches/b8/s-5087.png,141,166,242859360
batches/b8/s-5115.png,128,85,242859360
batches/b8/s-5122.png,153,30,242859360
batches/b8/s-5128.png,239,235,242859360
batches/b8/s-5145.png,46,220,242859360
batches/b8/s-5192.png,53,173,242859360
batches/b8/s-5199.png,196,174,242859360
batches/b8/s-5207.png,242,225,242859360
batches/b8/s-5241.png,78,167,242859360
batches/b8/s-5250.png,170,15,242859360
batches/b8/s-5258.png,103,174,242859360
batches/b8/s-5260.png,59,197,242859360
batches/b8/s-5278.png,70,256,242859360
batches/b8/s-5279.png,65,253,242859360
batches/b8/s-5289.png,161,55,242859360
batches/b8/s-5292.png,191,113,242859360
batches/b8/s-5301.png,170,243,242859360
batches/b8/s-5318.png,122,101,242859360
batches/b8/s-5360.png,186,132,242859360
batches/b8/s-5386.png,95,104,242859360
batches/b8/s-5391.png,50,253,242859360
batches/b8/s-5410.png,184,214,242859360
batches/b8/s-5416.png,182,11,242859360
batches/b8/s-5444.png,160,0,242859360
batches/b8/s-5459.png,191,171,242859360
batches/b8/s-5473.png,147,254,242859360
batches/b8/s-5477.png,99,115,242859360
batches/b8/s-5516.png,239,108,242859360
batches/b8/s-5522.png,217,187,242859360
batches/b8/s-5549.png,200,169,242859360
batches/b8/s-5567.png,126,239,242859360
batches/b8/s-5573.png,119,43,242859360
batches/b8/s-5583.png,74,208,242859360
batches/b8/s-5612.png,228,37,242859360
batches/b8/s-5613.png,125,87,242859360
batches/b8/s-5614.png,156,101,242859360
batches/b8/s-5616.png,133,109,242859360
batches/b8/s-5645.png,118,163,242859360
batches/b8/s-5646.png,92,203,242859360
batches/b8/s-5679.png,166,60,242859360
batches/b8/s-5682.png,182,63,242859360
batches/b8/s-5691.png,177,241,242859360
batches/b8/s-5695.png,158,133,242859360
batches/b8/s-5701.png,250,1,242859360
batches/b8/s-5708.png,101,151,242859360
batches/b8/s-5714.png,76,39,242859360
batches/b8/s-5715.png,102,209,242859360
batches/b8/s-5724.png,40,117,242859360
batches/b8/s-5725.png,214,183,242859360
batches/b8/s-5727.png,111,205,242859360
batches/b8/s-5737.png,120,102,242859360
batches/b8/s-5755.png,235,23,242859360
batches/b8/s-5778.png,231,214,242859360
batches/b8/s-5779.png,91,248,242859360
batches/b8/s-5815.png,212,253,242859360
batches/b8/s-5825.png,93,23,242859360
batches/b8/s-5826.png,169,81,242859360
batches/b8/s-5832.png,100,36,242859360
batches/b8/s-5860.png,93,135,242859360
batches/b8/s-5899.png,81,137,242859360
batches/b8/s-5936.png,151,193,242859360
batches/b8/s-5961.png,99,187,242859360
batches/b8/s-5963.png,105,204,242859360
batches/b8/s-5986.png,105,92,242859360
batches/b8/s-5987.png,141,79,242859360
batches/b8/s-5992.png,100,52,242859360
batches/b8/s-6011.png,184,188,242859360
batches/b8/s-6053.png,134,56,242859360
batches/b8/s-6055.png,141,69,242859360
batches/b8/s-6064.png,173,203,242859360
batches/b8/s-6078.png,153,71,242859360
batches/b8/s-6086.png,143,33,242859360
batches/b8/s-6091.png,103,235,242859360
batches/b8/s-6098.png,245,245,242859360
batches/b8/s-6114.png,83,90,242859360
batches/b8/s-6144.png,170,86,242859360
batches/b8/s-6145.png,177,104,242859360
batches/b8/s-6148.png,156,59,242859360
batches/b8/s-6154.png,96,153,242859360
batches/b8/s-6176.png,95,163,242859360
batches/b8/s-6190.png,146,183,242859360
batches/b8/s-6191.png,145,126,242859360
batches/b8/s-6244.png,115,95,242859360
batches/b8/s-6249.png,148,87,242859360
batches/b8/s-6252.png,151,145,242859360
batches/b8/s-6270.png,143,96,242859360
batches/b8/s-6276.png,140,32,242859360
batches/b8/s-6281.png,87,132,242859360
batches/b8/s-6343.png,106,149,242859360
batches/b8/s-6349.png,57,207,242859360
batches/b8/s-6350.png,107,232,242859360
batches/b8/s-6351.png,107,228,242859360
batches/b8/s-6359.png,103,115,242859360
batches/b8/s-6360.png,242,169,242859360
batches/b8/s-6363.png,160,168,242859360
batches/b8/s-6381.png,237,81,242859360
batches/b8/s-6399.png,181,128,242859360
batches/b8/s-6416.png,81,232,242859360
batches/b8/s-6513.png,156,189,242859360
batches/b8/s-6521.png,253,219,242859360
batches/b8/s-6598.png,113,157,242859360
batches/b8/s-6646.png,184,153,242859360
batches/b8/s-6657.png,79,220,242859360
batches/b8/s-6670.png,204,230,242859360
batches/b8/s-6671.png,103,229,242859360
batches/b8/s-6687.png,122,51,242859360
batches/b9/s-43.png,76,224,242859360
batches/b9/s-45.png,180,229,242859360
batches/b9/s-107.png,135,170,242859360
batches/b9/s-126.png,102,48,242859360
batches/b9/s-130.png,177,57,242859360
batches/b9/s-132.png,168,38,242859360
batches/b9/s-145.png,206,239,242859360
batches/b9/s-165.png,59,173,242859360
batches/b9/s-200.png,174,152,242859360
batches/b9/s-216.png,160,103,242859360
batches/b9/s-229.png,82,200,242859360
batches/b9/s-256.png,169,130,242859360
batches/b9/s-358.png,197,253,242859360
batches/b9/s-361.png,249,226,242859360
batches/b9/s-396.png,212,213,242859360
batches/b9/s-409.png,137,65,242859360
batches/b9/s-445.png,138,7,242859360
batches/b9/s-485.png,102,233,242859360
batches/b9/s-504.png,95,56,242859360
batches/b9/s-572.png,177,85,242859360
batches/b9/s-574.png,173,75,242859360
batches/b9/s-577.png,188,178,242859360
batches/b9/s-639.png,209,134,242859360
batches/b9/s-656.png,140,87,242859360
batches/b9/s-691.png,96,116,242859360
batches/b9/s-700.png,124,113,242859360
batches/b9/s-722.png,168,92,242859360
batches/b9/s-724.png,135,55,242859360
batches/b9/s-783.png,184,90,242859360
batches/b9/s-794.png,57,247,242859360
batches/b9/s-817.png,98,88,242859360
batches/b9/s-825.png,168,84,242859360
batches/b9/s-836.png,175,221,242859360
batches/b9/s-841.png,141,99,242859360
batches/b9/s-851.png,140,138,242859360
batches/b9/s-856.png,99,234,242859360
batches/b9/s-873.png,13,174,242859360
batches/b9/s-889.png,164,103,242859360
batches/b9/s-901.png,103,207,242859360
batches/b9/s-911.png,106,72,242859360
batches/b9/s-931.png,167,177,242859360
batches/b9/s-934.png,78,175,242859360
batches/b9/s-944.png,119,59,242859360
batches/b9/s-958.png,236,243,242859360
batches/b9/s-962.png,186,165,242859360
batches/b9/s-972.png,53,145,242859360
batches/b9/s-984.png,80,207,242859360
batches/b9/s-1076.png,182,81,242859360
batches/b9/s-1077.png,204,107,242859360
batches/b9/s-1092.png,216,119,242859360
batches/b9/s-1093.png,219,122,242859360
batches/b9/s-1135.png,134,9,242859360
batches/b9/s-1139.png,210,97,242859360
batches/b9/s-1141.png,198,140,242859360
batches/b9/s-1163.png,183,117,242859360
batches/b9/s-1185.png,42,241,242859360
batches/b9/s-1186.png,70,223,242859360
batches/b9/s-1194.png,182,33,242859360
batches/b9/s-1235.png,69,220,242859360
batches/b9/s-1289.png,176,58,242859360
batches/b9/s-1310.png,181,184,242859360
batches/b9/s-1361.png,125,219,242859360
batches/b9/s-1364.png,198,175,242859360
batches/b9/s-1373.png,124,234,242859360
batches/b9/s-1383.png,141,48,242859360
batches/b9/s-1386.png,176,26,242859360
batches/b9/s-1439.png,118,220,242859360
batches/b9/s-1445.png,136,110,242859360
batches/b9/s-1447.png,200,54,242859360
batches/b9/s-1502.png,121,207,242859360
batches/b9/s-1534.png,178,97,242859360
batches/b9/s-1543.png,82,73,242859360
batches/b9/s-1544.png,99,149,242859360
batches/b9/s-1567.png,132,146,242859360
batches/b9/s-1576.png,191,30,242859360
batches/b9/s-1673.png,100,159,242859360
batches/b9/s-1688.png,213,247,242859360
batches/b9/s-1689.png,170,240,242859360
batches/b9/s-1691.png,74,195,242859360
batches/b9/s-1695.png,119,129,242859360
batches/b9/s-1701.png,200,81,242859360
batches/b9/s-1726.png,211,167,242859360
batches/b9/s-1727.png,143,65,242859360
batches/b9/s-1803.png,101,211,242859360
batches/b9/s-1825.png,104,78,242859360
batches/b9/s-1827.png,57,10,242859360
batches/b9/s-1845.png,216,205,242859360
batches/b9/s-1851.png,215,55,242859360
batches/b9/s-1858.png,150,103,242859360
batches/b9/s-1865.png,35,238,242859360
batches/b9/s-1868.png,200,175,242859360
batches/b9/s-1869.png,212,251,242859360
batches/b9/s-1930.png,126,188,242859360
batches/b9/s-1932.png,253,234,242859360
batches/b9/s-1940.png,165,255,242859360
batches/b9/s-1969.png,173,250,242859360
batches/b9/s-1970.png,195,192,242859360
batches/b9/s-1971.png,188,191,242859360
batches/b9/s-1974.png,135,199,242859360
batches/b9/s-1978.png,177,108,242859360
batches/b9/s-2010.png,186,144,242859360
batches/b9/s-2053.png,100,202,242859360
batches/b9/s-2056.png,215,210,242859360
batches/b9/s-2057.png,225,168,242859360
batches/b9/s-2065.png,72,186,242859360
batches/b9/s-2066.png,52,214,242859360
batches/b9/s-2069.png,92,219,242859360
batches/b9/s-2074.png,136,120,242859360
batches/b9/s-2086.png,195,231,242859360
batches/b9/s-2094.png,200,204,242859360
batches/b9/s-2134.png,91,119,242859360
batches/b9/s-2136.png,109,19,242859360
batches/b9/s-2138.png,155,70,242859360
batches/b9/s-2250.png,189,192,242859360
batches/b9/s-2267.png,196,89,242859360
batches/b9/s-2285.png,162,102,242859360
batches/b9/s-2298.png,89,213,242859360
batches/b9/s-2379.png,89,228,242859360
batches/b9/s-2380.png,111,162,242859360
batches/b9/s-2381.png,140,125,242859360
batches/b9/s-2385.png,165,38,242859360
batches/b9/s-2538.png,181,49,242859360
batches/b9/s-2579.png,148,89,242859360
batches/b9/s-2582.png,195,147,242859360
batches/b9/s-2603.png,92,226,242859360
batches/b9/s-2606.png,82,152,242859360
batches/b9/s-2609.png,133,58,242859360
batches/b9/s-2614.png,215,173,242859360
batches/b9/s-2616.png,71,54,242859360
batches/b9/s-2626.png,233,133,242859360
batches/b9/s-2642.png,132,135,242859360
batches/b9/s-2646.png,178,153,242859360
batches/b9/s-2662.png,130,108,242859360
batches/b9/s-2663.png,160,58,242859360
batches/b9/s-2672.png,2,77,242859360
batches/b9/s-2684.png,250,13,242859360
batches/b9/s-2685.png,88,189,242859360
batches/b9/s-2704.png,225,37,242859360
batches/b9/s-2746.png,59,242,242859360
batches/b9/s-2754.png,127,107,242859360
batches/b9/s-2775.png,213,31,242859360
batches/b9/s-2779.png,14,95,242859360
batches/b9/s-2877.png,179,109,242859360
batches/b9/s-2941.png,190,185,242859360
batches/b9/s-3050.png,81,162,242859360
batches/b9/s-3055.png,140,81,242859360
batches/b9/s-3059.png,143,98,242859360
batches/b9/s-3089.png,112,110,242859360
batches/b9/s-3105.png,243,199,242859360
batches/b9/s-3181.png,172,75,242859360
batches/b9/s-3186.png,158,98,242859360
batches/b9/s-3188.png,169,196,242859360
batches/b9/s-3192.png,196,245,242859360
batches/b9/s-3238.png,100,47,242859360
batches/b9/s-3251.png,169,154,242859360
batches/b9/s-3326.png,212,108,242859360
batches/b9/s-3327.png,187,87,242859360
batches/b9/s-3422.png,90,99,242859360
batches/b9/s-3429.png,134,31,242859360
batches/b9/s-3433.png,161,185,242859360
batches/b9/s-3488.png,123,5,242859360
batches/b9/s-3491.png,151,117,242859360
batches/b9/s-3540.png,66,171,242859360
batches/b9/s-3606.png,92,144,242859360
batches/b9/s-3609.png,139,81,242859360
batches/b9/s-3611.png,136,40,242859360
batches/b9/s-3622.png,222,246,242859360
batches/b9/s-3627.png,192,228,242859360
batches/b9/s-3630.png,131,116,242859360
batches/b9/s-3657.png,231,228,242859360
batches/b9/s-3678.png,157,235,242859360
batches/b9/s-3679.png,225,228,242859360
batches/b9/s-3706.png,70,193,242859360
batches/b9/s-3718.png,177,190,242859360
batches/b9/s-3720.png,61,217,242859360
batches/b9/s-3734.png,150,99,242859360
batches/b9/s-3750.png,205,212,242859360
batches/b9/s-3751.png,185,128,242859360
batches/b9/s-3756.png,183,65,242859360
batches/b9/s-3761.png,144,149,242859360
batches/b9/s-3797.png,189,184,242859360
batches/b9/s-3818.png,158,67,242859360
batches/b9/s-3822.png,136,122,242859360
batches/b9/s-3824.png,119,194,242859360
batches/b9/s-3825.png,69,135,242859360
batches/b9/s-3853.png,132,96,242859360
batches/b9/s-3854.png,135,57,242859360
batches/b9/s-3857.png,207,95,242859360
batches/b9/s-3881.png,108,107,242859360
batches/b9/s-3908.png,160,135,242859360
batches/b9/s-3911.png,159,27,242859360
batches/b9/s-3916.png,220,91,242859360
batches/b9/s-3932.png,200,132,242859360
batches/b9/s-3939.png,140,69,242859360
batches/b9/s-3995.png,182,58,242859360
batches/b9/s-3997.png,184,75,242859360
batches/b9/s-4073.png,133,203,242859360
batches/b9/s-4074.png,237,233,242859360
batches/b9/s-4099.png,162,89,242859360
batches/b9/s-4102.png,230,147,242859360
batches/b9/s-4104.png,214,180,242859360
batches/b9/s-4114.png,214,186,242859360
batches/b9/s-4125.png,107,62,242859360
batches/b9/s-4135.png,209,195,242859360
batches/b9/s-4210.png,126,200,242859360
batches/b9/s-4236.png,161,252,242859360
batches/b9/s-4285.png,145,174,242859360
batches/b9/s-4330.png,74,182,242859360
batches/b9/s-4333.png,120,194,242859360
batches/b9/s-4344.png,176,146,242859360
batches/b9/s-4362.png,137,51,242859360
batches/b9/s-4481.png,150,145,242859360
batches/b9/s-4498.png,60,222,242859360
batches/b9/s-4509.png,144,208,242859360
batches/b9/s-4511.png,59,215,242859360
batches/b9/s-4515.png,92,133,242859360
batches/b9/s-4522.png,149,21,242859360
batches/b9/s-4541.png,181,186,242859360
batches/b9/s-4554.png,96,163,242859360
batches/b9/s-4579.png,121,112,242859360
batches/b9/s-4587.png,196,71,242859360
batches/b9/s-4588.png,190,122,242859360
batches/b9/s-4591.png,190,195,242859360
batches/b9/s-4599.png,232,208,242859360
batches/b9/s-4631.png,192,191,242859360
batches/b9/s-4632.png,156,196,242859360
batches/b9/s-4682.png,197,233,242859360
batches/b9/s-4701.png,96,75,242859360
batches/b9/s-4734.png,97,33,242859360
batches/b9/s-4735.png,106,118,242859360
batches/b9/s-4736.png,105,89,242859360
batches/b9/s-4789.png,148,59,242859360
batches/b9/s-4828.png,142,71,242859360
batches/b9/s-4848.png,216,67,242859360
batches/b9/s-4855.png,170,136,242859360
batches/b9/s-4906.png,159,200,242859360
batches/b9/s-4936.png,146,169,242859360
batches/b9/s-4939.png,53,191,242859360
batches/b9/s-4942.png,123,173,242859360
batches/b9/s-4945.png,140,91,242859360
batches/b9/s-4978.png,146,134,242859360
batches/b9/s-4988.png,229,197,242859360
batches/b9/s-5110.png,98,237,242859360
batches/b9/s-5141.png,150,117,242859360
batches/b9/s-5168.png,89,217,242859360
batches/b9/s-5174.png,157,199,242859360
batches/b9/s-5201.png,150,56,242859360
batches/b9/s-5262.png,167,208,242859360
batches/b9/s-5382.png,140,95,242859360
batches/b9/s-5383.png,172,38,242859360
batches/b9/s-5387.png,166,125,242859360
batches/b9/s-5396.png,219,256,242859360
batches/b9/s-5410.png,145,85,242859360
batches/b9/s-5419.png,170,136,242859360
batches/b9/s-5443.png,183,20,242859360
batches/b9/s-5470.png,113,163,242859360
batches/b9/s-5473.png,97,201,242859360
batches/b9/s-5478.png,199,198,242859360
batches/b9/s-5490.png,61,185,242859360
batches/b9/s-5498.png,122,104,242859360
batches/b9/s-5507.png,170,168,242859360
batches/b9/s-5560.png,124,18,242859360
batches/b9/s-5567.png,199,118,242859360
batches/b9/s-5568.png,196,95,242859360
batches/b9/s-5609.png,36,123,242859360
batches/b9/s-5618.png,152,41,242859360
batches/b9/s-5626.png,145,117,242859360
batches/b9/s-5629.png,204,185,242859360
batches/b9/s-5658.png,90,217,242859360
batches/b9/s-5662.png,204,174,242859360
batches/b9/s-5681.png,123,63,242859360
batches/b9/s-5687.png,184,169,242859360
batches/b9/s-5691.png,182,217,242859360
batches/b9/s-5729.png,221,223,242859360
batches/b9/s-5732.png,51,203,242859360
batches/b9/s-5741.png,147,58,242859360
batches/b9/s-5794.png,97,229,242859360
batches/b9/s-5802.png,158,36,242859360
batches/b9/s-5820.png,226,236,242859360
batches/b9/s-5855.png,61,184,242859360
batches/b9/s-5892.png,152,36,242859360
batches/b9/s-5905.png,147,148,242859360
batches/b9/s-6036.png,185,221,242859360
batches/b9/s-6041.png,108,230,242859360
batches/b9/s-6086.png,150,236,242859360
batches/b9/s-6088.png,205,190,242859360
batches/b9/s-6095.png,173,191,242859360
batches/b9/s-6096.png,116,185,242859360
batches/b9/s-6101.png,105,147,242859360
batches/b9/s-6102.png,128,93,242859360
batches/b9/s-6106.png,156,103,242859360
batches/b9/s-6231.png,172,131,242859360
batches/b9/s-6232.png,191,176,242859360
batches/b9/s-6257.png,98,156,242859360
batches/b9/s-6295.png,228,233,242859360
batches/b9/s-6323.png,128,222,242859360
batches/b9/s-6343.png,106,75,242859360
batches/b9/s-6365.png,158,106,242859360
batches/b9/s-6372.png,134,88,242859360
batches/b9/s-6418.png,216,228,242859360
batches/b9/s-6502.png,88,205,242859360
batches/b9/s-6513.png,188,64,242859360
batches/b9/s-6514.png,137,54,242859360
batches/b9/s-6515.png,153,174,242859360
batches/b10/s-8.png,114,144,242859360
batches/b10/s-24.png,122,140,242859360
batches/b10/s-27.png,113,59,242859360
batches/b10/s-59.png,73,148,242859360
batches/b10/s-66.png,99,57,242859360
batches/b10/s-82.png,137,197,242859360
batches/b10/s-106.png,172,236,242859360
batches/b10/s-158.png,83,105,242859360
batches/b10/s-161.png,35,191,242859360
batches/b10/s-184.png,37,79,242859360
batches/b10/s-185.png,102,44,242859360
batches/b10/s-229.png,83,244,242859360
batches/b10/s-230.png,143,203,242859360
batches/b10/s-248.png,51,52,242859360
batches/b10/s-278.png,97,60,242859360
batches/b10/s-288.png,87,212,242859360
batches/b10/s-290.png,87,187,242859360
batches/b10/s-291.png,94,251,242859360
batches/b10/s-292.png,181,238,242859360
batches/b10/s-326.png,185,251,242859360
batches/b10/s-332.png,110,206,242859360
batches/b10/s-353.png,123,173,242859360
batches/b10/s-355.png,184,230,242859360
batches/b10/s-382.png,120,112,242859360
batches/b10/s-390.png,162,236,242859360
batches/b10/s-402.png,28,166,242859360
batches/b10/s-417.png,206,254,242859360
batches/b10/s-432.png,23,151,242859360
batches/b10/s-443.png,95,66,242859360
batches/b10/s-493.png,42,181,242859360
batches/b10/s-517.png,128,178,242859360
batches/b10/s-528.png,94,65,242859360
batches/b10/s-540.png,211,227,242859360
batches/b10/s-575.png,189,250,242859360
batches/b10/s-611.png,141,242,242859360
batches/b10/s-617.png,89,189,242859360
batches/b10/s-642.png,130,181,242859360
batches/b10/s-643.png,76,170,242859360
batches/b10/s-657.png,83,131,242859360
batches/b10/s-661.png,7,217,242859360
batches/b10/s-662.png,81,179,242859360
batches/b10/s-663.png,173,199,242859360
batches/b10/s-693.png,179,117,242859360
batches/b10/s-694.png,78,186,242859360
batches/b10/s-696.png,123,204,242859360
batches/b10/s-700.png,152,250,242859360
batches/b10/s-706.png,90,77,242859360
batches/b10/s-726.png,113,169,242859360
batches/b10/s-727.png,145,192,242859360
batches/b10/s-742.png,47,235,242859360
batches/b10/s-806.png,76,208,242859360
batches/b10/s-905.png,99,106,242859360
batches/b10/s-910.png,44,210,242859360
batches/b10/s-927.png,4,249,242859360
batches/b10/s-932.png,55,142,242859360
batches/b10/s-960.png,131,42,242859360
batches/b10/s-961.png,131,55,242859360
batches/b10/s-995.png,73,114,242859360
batches/b10/s-1019.png,103,92,242859360
batches/b10/s-1024.png,112,35,242859360
batches/b10/s-1052.png,7,195,242859360
batches/b10/s-1083.png,120,82,242859360
batches/b10/s-1107.png,213,162,242859360
batches/b10/s-1120.png,98,82,242859360
batches/b10/s-1123.png,120,49,242859360
batches/b10/s-1138.png,138,243,242859360
batches/b10/s-1233.png,196,250,242859360
batches/b10/s-1247.png,111,26,242859360
batches/b10/s-1259.png,139,214,242859360
batches/b10/s-1266.png,116,233,242859360
batches/b10/s-1278.png,111,30,242859360
batches/b10/s-1286.png,60,182,242859360
batches/b10/s-1287.png,142,230,242859360
batches/b10/s-1292.png,246,202,242859360
batches/b10/s-1353.png,184,193,242859360
batches/b10/s-1362.png,50,223,242859360
batches/b10/s-1373.png,88,59,242859360
batches/b10/s-1374.png,131,41,242859360
batches/b10/s-1395.png,108,113,242859360
batches/b10/s-1412.png,81,204,242859360
batches/b10/s-1445.png,155,185,242859360
batches/b10/s-1463.png,51,58,242859360
batches/b10/s-1525.png,62,38,242859360
batches/b10/s-1528.png,74,134,242859360
batches/b10/s-1557.png,78,56,242859360
batches/b10/s-1558.png,119,12,242859360
batches/b10/s-1559.png,93,13,242859360
batches/b10/s-1621.png,131,56,242859360
batches/b10/s-1624.png,91,37,242859360
batches/b10/s-1632.png,134,225,242859360
batches/b10/s-1640.png,140,195,242859360
batches/b10/s-1642.png,104,118,242859360
batches/b10/s-1649.png,91,20,242859360
batches/b10/s-1660.png,119,199,242859360
batches/b10/s-1661.png,167,216,242859360
batches/b10/s-1714.png,59,126,242859360
batches/b10/s-1760.png,129,210,242859360
batches/b10/s-1764.png,131,126,242859360
batches/b10/s-1782.png,62,244,242859360
batches/b10/s-1792.png,230,162,242859360
batches/b10/s-1810.png,111,89,242859360
batches/b10/s-1820.png,143,238,242859360
batches/b10/s-1866.png,111,32,242859360
batches/b10/s-1869.png,131,84,242859360
batches/b10/s-1904.png,77,218,242859360
batches/b10/s-1935.png,181,174,242859360
batches/b10/s-1942.png,189,253,242859360
batches/b10/s-1952.png,137,68,242859360
batches/b10/s-1962.png,1,157,242859360
batches/b10/s-1993.png,109,95,242859360
batches/b10/s-1995.png,129,141,242859360
batches/b10/s-1997.png,116,171,242859360
batches/b10/s-2007.png,149,220,242859360
batches/b10/s-2011.png,120,116,242859360
batches/b10/s-2012.png,107,36,242859360
batches/b10/s-2049.png,107,11,242859360
batches/b10/s-2161.png,71,232,242859360
batches/b10/s-2182.png,143,245,242859360
batches/b10/s-2201.png,85,23,242859360
batches/b10/s-2205.png,80,83,242859360
batches/b10/s-2226.png,39,207,242859360
batches/b10/s-2252.png,121,200,242859360
batches/b10/s-2255.png,135,126,242859360
batches/b10/s-2256.png,107,148,242859360
batches/b10/s-2259.png,99,33,242859360
batches/b10/s-2265.png,102,78,242859360
batches/b10/s-2272.png,34,256,242859360
batches/b10/s-2297.png,129,8,242859360
batches/b10/s-2308.png,150,250,242859360
batches/b10/s-2320.png,109,85,242859360
batches/b10/s-2346.png,48,225,242859360
batches/b10/s-2351.png,71,170,242859360
batches/b10/s-2394.png,60,214,242859360
batches/b10/s-2396.png,113,256,242859360
batches/b10/s-2398.png,192,217,242859360
batches/b10/s-2407.png,34,232,242859360
batches/b10/s-2473.png,41,131,242859360
batches/b10/s-2479.png,83,64,242859360
batches/b10/s-2489.png,135,202,242859360
batches/b10/s-2491.png,131,207,242859360
batches/b10/s-2526.png,163,212,242859360
batches/b10/s-2530.png,81,178,242859360
batches/b10/s-2559.png,121,248,242859360
batches/b10/s-2604.png,75,71,242859360
batches/b10/s-2671.png,140,67,242859360
batches/b10/s-2694.png,116,63,242859360
batches/b10/s-2720.png,50,176,242859360
batches/b10/s-2723.png,67,167,242859360
batches/b10/s-2724.png,78,74,242859360
batches/b10/s-2727.png,61,77,242859360
batches/b10/s-2744.png,170,252,242859360
batches/b10/s-2773.png,249,164,242859360
batches/b10/s-2776.png,233,235,242859360
batches/b10/s-2777.png,217,236,242859360
batches/b10/s-2799.png,110,191,242859360
batches/b10/s-2800.png,127,247,242859360
batches/b10/s-2819.png,59,32,242859360
batches/b10/s-2820.png,70,100,242859360
batches/b10/s-2822.png,89,144,242859360
batches/b10/s-2855.png,117,16,242859360
batches/b10/s-2911.png,90,101,242859360
batches/b10/s-2957.png,170,177,242859360
batches/b10/s-3008.png,91,92,242859360
batches/b10/s-3012.png,18,172,242859360
batches/b10/s-3098.png,158,116,242859360
batches/b10/s-3104.png,98,109,242859360
batches/b10/s-3105.png,125,120,242859360
batches/b10/s-3154.png,36,214,242859360
batches/b10/s-3155.png,16,135,242859360
batches/b10/s-3156.png,35,153,242859360
batches/b10/s-3159.png,81,130,242859360
batches/b10/s-3190.png,161,46,242859360
batches/b10/s-3237.png,70,185,242859360
batches/b10/s-3245.png,139,135,242859360
batches/b10/s-3316.png,74,63,242859360
batches/b10/s-3320.png,34,130,242859360
batches/b10/s-3321.png,35,204,242859360
batches/b10/s-3337.png,80,222,242859360
batches/b10/s-3348.png,99,52,242859360
batches/b10/s-3349.png,101,85,242859360
batches/b10/s-3354.png,166,111,242859360
batches/b10/s-3357.png,134,182,242859360
batches/b10/s-3358.png,140,184,242859360
batches/b10/s-3364.png,208,239,242859360
batches/b10/s-3406.png,68,64,242859360
batches/b10/s-3418.png,131,169,242859360
batches/b10/s-3440.png,93,92,242859360
batches/b10/s-3450.png,157,213,242859360
batches/b10/s-3457.png,129,246,242859360
batches/b10/s-3472.png,134,6,242859360
batches/b10/s-3473.png,80,24,242859360
batches/b10/s-3489.png,137,218,242859360
batches/b10/s-3507.png,29,170,242859360
batches/b10/s-3514.png,202,170,242859360
batches/b10/s-3604.png,122,167,242859360
batches/b10/s-3617.png,130,141,242859360
batches/b10/s-3648.png,22,237,242859360
batches/b10/s-3683.png,111,21,242859360
batches/b10/s-3688.png,75,145,242859360
batches/b10/s-3694.png,43,206,242859360
batches/b10/s-3717.png,66,37,242859360
batches/b10/s-3723.png,97,79,242859360
batches/b10/s-3800.png,104,165,242859360
batches/b10/s-3819.png,112,221,242859360
batches/b10/s-3836.png,66,55,242859360
batches/b10/s-3839.png,89,63,242859360
batches/b10/s-3858.png,108,222,242859360
batches/b10/s-3861.png,136,134,242859360
batches/b10/s-3910.png,116,200,242859360
batches/b10/s-3913.png,134,252,242859360
batches/b10/s-3952.png,61,209,242859360
batches/b10/s-3989.png,159,107,242859360
batches/b10/s-4005.png,178,163,242859360
batches/b10/s-4021.png,74,64,242859360
batches/b10/s-4048.png,104,126,242859360
batches/b10/s-4055.png,93,93,242859360
batches/b10/s-4127.png,164,231,242859360
batches/b10/s-4150.png,131,49,242859360
batches/b10/s-4234.png,134,77,242859360
batches/b10/s-4244.png,27,191,242859360
batches/b10/s-4251.png,190,214,242859360
batches/b10/s-4269.png,67,48,242859360
batches/b10/s-4288.png,175,228,242859360
batches/b10/s-4320.png,167,223,242859360
batches/b10/s-4330.png,34,51,242859360
batches/b10/s-4340.png,108,209,242859360
batches/b10/s-4401.png,116,186,242859360
batches/b10/s-4435.png,170,201,242859360
batches/b10/s-4436.png,226,225,242859360
batches/b10/s-4454.png,60,105,242859360
batches/b10/s-4460.png,117,96,242859360
batches/b10/s-4504.png,249,256,242859360
batches/b10/s-4517.png,92,105,242859360
batches/b10/s-4525.png,167,209,242859360
batches/b10/s-4534.png,139,183,242859360
batches/b10/s-4540.png,130,90,242859360
batches/b10/s-4541.png,124,127,242859360
batches/b10/s-4547.png,62,80,242859360
batches/b10/s-4553.png,52,234,242859360
batches/b10/s-4555.png,79,219,242859360
batches/b10/s-4577.png,85,158,242859360
batches/b10/s-4580.png,115,61,242859360
batches/b10/s-4626.png,244,237,242859360
batches/b10/s-4629.png,95,250,242859360
batches/b10/s-4630.png,5,201,242859360
batches/b10/s-4661.png,191,158,242859360
batches/b10/s-4679.png,22,210,242859360
batches/b10/s-4695.png,20,139,242859360
batches/b10/s-4729.png,83,1,242859360
batches/b10/s-4733.png,68,123,242859360
batches/b10/s-4751.png,114,216,242859360
batches/b10/s-4768.png,97,127,242859360
batches/b10/s-4769.png,146,139,242859360
batches/b10/s-4771.png,156,173,242859360
batches/b10/s-4774.png,166,173,242859360
batches/b10/s-4794.png,139,21,242859360
batches/b10/s-4803.png,46,161,242859360
batches/b10/s-4806.png,191,235,242859360
batches/b10/s-4812.png,223,216,242859360
batches/b10/s-4813.png,171,211,242859360
batches/b10/s-4814.png,84,234,242859360
batches/b10/s-4824.png,91,121,242859360
batches/b10/s-4825.png,121,9,242859360
batches/b10/s-4844.png,152,197,242859360
batches/b10/s-4848.png,129,91,242859360
batches/b10/s-4883.png,38,113,242859360
batches/b10/s-4884.png,51,56,242859360
batches/b10/s-4885.png,113,143,242859360
batches/b10/s-4909.png,115,158,242859360
batches/b10/s-4921.png,9,120,242859360
batches/b10/s-4927.png,132,187,242859360
batches/b10/s-4988.png,121,144,242859360
batches/b10/s-5008.png,85,91,242859360
batches/b10/s-5010.png,76,0,242859360
batches/b10/s-5011.png,97,97,242859360
batches/b10/s-5045.png,6,196,242859360
batches/b10/s-5074.png,150,131,242859360
batches/b10/s-5167.png,91,202,242859360
batches/b10/s-5169.png,55,183,242859360
batches/b10/s-5171.png,150,255,242859360
batches/b10/s-5172.png,122,248,242859360
batches/b10/s-5173.png,154,173,242859360
batches/b10/s-5180.png,157,214,242859360
batches/b10/s-5264.png,152,177,242859360
batches/b10/s-5287.png,42,90,242859360
batches/b10/s-5288.png,51,135,242859360
batches/b10/s-5322.png,112,129,242859360
batches/b10/s-5358.png,109,236,242859360
batches/b10/s-5397.png,142,221,242859360
batches/b10/s-5410.png,107,138,242859360
batches/b10/s-5426.png,142,241,242859360
batches/b10/s-5427.png,53,223,242859360
batches/b10/s-5521.png,183,122,242859360
batches/b10/s-5523.png,212,47,242859360
batches/b10/s-5530.png,94,98,242859360
batches/b10/s-5538.png,68,185,242859360
batches/b10/s-5539.png,103,238,242859360
batches/b10/s-5543.png,247,226,242859360
batches/b10/s-5593.png,81,84,242859360
batches/b10/s-5601.png,149,176,242859360
batches/b10/s-5604.png,222,176,242859360
batches/b10/s-5608.png,234,160,242859360
batches/b10/s-5620.png,33,88,242859360
batches/b10/s-5621.png,66,36,242859360
batches/b10/s-5647.png,115,44,242859360
batches/b10/s-5648.png,96,13,242859360
batches/b10/s-5687.png,162,12,242859360
batches/b10/s-5724.png,246,207,242859360
batches/b10/s-5816.png,166,194,242859360
batches/b10/s-5864.png,80,67,242859360
batches/b10/s-5866.png,73,27,242859360
batches/b10/s-5875.png,133,140,242859360
batches/b10/s-5904.png,35,235,242859360
batches/b10/s-5929.png,118,54,242859360
batches/b10/s-5932.png,45,193,242859360
batches/b10/s-5937.png,3,40,242859360
batches/b10/s-5956.png,99,83,242859360
batches/b10/s-5962.png,26,220,242859360
batches/b10/s-5975.png,158,130,242859360
batches/b10/s-5983.png,39,80,242859360
batches/b10/s-5984.png,25,173,242859360
batches/b10/s-6004.png,123,206,242859360
batches/b10/s-6005.png,91,31,242859360
batches/b10/s-6007.png,77,178,242859360
batches/b10/s-6021.png,36,152,242859360
batches/b10/s-6024.png,46,239,242859360
batches/b10/s-6038.png,94,223,242859360
batches/b10/s-6039.png,35,213,242859360
batches/b10/s-6042.png,46,218,242859360
batches/b10/s-6046.png,233,29,242859360
batches/b10/s-6048.png,73,132,242859360
batches/b10/s-6056.png,127,147,242859360
batches/b10/s-6062.png,152,255,242859360
batches/b10/s-6072.png,96,128,242859360
batches/b10/s-6084.png,224,219,242859360
batches/b10/s-6122.png,159,194,242859360
batches/b10/s-6129.png,149,215,242859360
batches/b10/s-6161.png,15,226,242859360
batches/b10/s-6200.png,125,36,242859360
batches/b10/s-6210.png,16,226,242859360
batches/b10/s-6211.png,105,249,242859360
batches/b10/s-6232.png,59,70,242859360
batches/b10/s-6250.png,131,173,242859360
batches/b10/s-6253.png,107,152,242859360
batches/b10/s-6254.png,104,96,242859360
batches/b10/s-6258.png,109,47,242859360
batches/b10/s-6259.png,124,45,242859360
batches/b10/s-6324.png,98,23,242859360
batches/b10/s-6419.png,87,17,242859360
batches/b10/s-6502.png,106,117,242859360
batches/b10/s-6515.png,18,167,242859360
batches/b10/s-6517.png,14,182,242859360
batches/b10/s-6533.png,33,146,242859360
batches/b10/s-6568.png,78,26,242859360
batches/b10/s-6569.png,76,20,242859360
batches/b10/s-6590.png,90,206,242859360
batches/b10/s-6636.png,39,155,242859360
batches/b10/s-6703.png,114,196,242859360
batches/b10/s-6731.png,156,136,242859360
batches/b10/s-6757.png,83,136,242859360
batches/b10/s-6781.png,74,161,242859360
batches/b10/s-6791.png,137,22,242859360
batches/b10/s-6820.png,29,152,242859360
batches/b10/s-6825.png,35,236,242859360
batches/b10/s-6826.png,112,235,242859360
batches/b10/s-6828.png,191,165,242859360
batches/b10/s-6853.png,101,70,242859360
batches/b10/s-6887.png,129,212,242859360
batches/b10/s-6895.png,205,221,242859360
batches/b10/s-6898.png,124,229,242859360
batches/b10/s-6932.png,98,136,242859360
batches/b10/s-6942.png,73,170,242859360
batches/b10/s-6951.png,234,155,242859360
batches/b10/s-6957.png,127,247,242859360
batches/b10/s-6966.png,25,63,242859360
batches/b10/s-6993.png,146,135,242859360
batches/b10/s-7009.png,56,206,242859360
batches/b10/s-7031.png,116,22,242859360
batches/b10/s-7060.png,98,55,242859360
batches/b10/s-7066.png,215,243,242859360
batches/b10/s-7067.png,184,243,242859360
batches/b10/s-7085.png,70,74,242859360
batches/b10/s-7093.png,84,192,242859360
batches/b10/s-7094.png,99,130,242859360
batches/b10/s-7095.png,85,207,242859360
batches/b10/s-7136.png,67,206,242859360
batches/b10/s-7143.png,25,119,242859360
batches/b10/s-7172.png,106,121,242859360
batches/b10/s-7185.png,91,241,242859360
batches/b10/s-7186.png,50,237,242859360
batches/b10/s-7190.png,154,251,242859360
batches/b10/s-7216.png,91,118,242859360
batches/b10/s-7231.png,143,190,242859360
batches/b10/s-7244.png,83,140,242859360
batches/b10/s-7248.png,25,213,242859360
batches/b10/s-7252.png,152,255,242859360
batches/b10/s-7262.png,77,188,242859360
batches/b10/s-7270.png,47,46,242859360
batches/b10/s-7276.png,124,41,242859360
batches/b10/s-7298.png,101,44,242859360
batches/b10/s-7321.png,126,233,242859360
batches/b10/s-7323.png,30,176,242859360
batches/b10/s-7362.png,72,127,242859360
batches/b10/s-7401.png,134,188,242859360
batches/b10/s-7405.png,171,191,242859360
batches/b10/s-7465.png,127,199,242859360
batches/b10/s-7475.png,152,155,242859360
batches/b10/s-7476.png,136,177,242859360
batches/b10/s-7479.png,98,73,242859360
batches/b10/s-7489.png,80,205,242859360
batches/b10/s-7496.png,233,166,242859360
batches/b10/s-7549.png,21,247,242859360
batches/b10/s-7554.png,168,221,242859360
batches/b10/s-7555.png,178,241,242859360
batches/b10/s-7595.png,99,117,242859360
batches/b10/s-7656.png,83,69,242859360
batches/b10/s-7662.png,92,85,242859360
batches/b10/s-7663.png,62,67,242859360
batches/b10/s-7665.png,21,185,242859360
batches/b10/s-7668.png,15,179,242859360
batches/b10/s-7707.png,164,240,242859360
batches/b10/s-7724.png,83,221,242859360
batches/b10/s-7730.png,44,172,242859360
batches/b11/s-25.png,102,81,242859360
batches/b11/s-35.png,81,245,242859360
batches/b11/s-66.png,157,161,242859360
batches/b11/s-68.png,163,234,242859360
batches/b11/s-84.png,88,83,242859360
batches/b11/s-95.png,76,192,242859360
batches/b11/s-111.png,120,244,242859360
batches/b11/s-141.png,142,201,242859360
batches/b11/s-194.png,107,158,242859360
batches/b11/s-232.png,133,242,242859360
batches/b11/s-233.png,234,242,242859360
batches/b11/s-240.png,150,244,242859360
batches/b11/s-316.png,58,83,242859360
batches/b11/s-317.png,57,48,242859360
batches/b11/s-363.png,132,215,242859360
batches/b11/s-382.png,76,28,242859360
batches/b11/s-433.png,240,212,242859360
batches/b11/s-434.png,169,247,242859360
batches/b11/s-454.png,130,70,242859360
batches/b11/s-457.png,179,145,242859360
batches/b11/s-473.png,69,112,242859360
batches/b11/s-478.png,73,29,242859360
batches/b11/s-506.png,32,229,242859360
batches/b11/s-614.png,35,175,242859360
batches/b11/s-632.png,109,176,242859360
batches/b11/s-662.png,116,155,242859360
batches/b11/s-674.png,74,86,242859360
batches/b11/s-694.png,193,205,242859360
batches/b11/s-735.png,111,47,242859360
batches/b11/s-781.png,122,139,242859360
batches/b11/s-828.png,16,241,242859360
batches/b11/s-848.png,145,193,242859360
batches/b11/s-928.png,93,154,242859360
batches/b11/s-978.png,131,163,242859360
batches/b11/s-981.png,155,206,242859360
batches/b11/s-1059.png,114,91,242859360
batches/b11/s-1061.png,120,79,242859360
batches/b11/s-1087.png,111,256,242859360
batches/b11/s-1131.png,79,83,242859360
batches/b11/s-1139.png,48,177,242859360
batches/b11/s-1164.png,64,113,242859360
batches/b11/s-1165.png,196,139,242859360
batches/b11/s-1171.png,141,113,242859360
batches/b11/s-1177.png,177,217,242859360
batches/b11/s-1189.png,108,112,242859360
batches/b11/s-1252.png,134,106,242859360
batches/b11/s-1253.png,111,72,242859360
batches/b11/s-1254.png,99,119,242859360
batches/b11/s-1271.png,53,179,242859360
batches/b11/s-1288.png,18,141,242859360
batches/b11/s-1290.png,60,164,242859360
batches/b11/s-1292.png,55,109,242859360
batches/b11/s-1299.png,91,45,242859360
batches/b11/s-1337.png,154,236,242859360
batches/b11/s-1362.png,130,44,242859360
batches/b11/s-1363.png,131,79,242859360
batches/b11/s-1364.png,149,74,242859360
batches/b11/s-1380.png,165,154,242859360
batches/b11/s-1384.png,109,132,242859360
batches/b11/s-1451.png,99,25,242859360
batches/b11/s-1482.png,65,34,242859360
batches/b11/s-1485.png,95,71,242859360
batches/b11/s-1488.png,91,50,242859360
batches/b11/s-1496.png,95,109,242859360
batches/b11/s-1507.png,118,244,242859360
batches/b11/s-1508.png,90,205,242859360
batches/b11/s-1529.png,26,246,242859360
batches/b11/s-1550.png,34,60,242859360
batches/b11/s-1558.png,129,43,242859360
batches/b11/s-1614.png,23,114,242859360
batches/b11/s-1625.png,124,56,242859360
batches/b11/s-1626.png,156,104,242859360
batches/b11/s-1627.png,109,193,242859360
batches/b11/s-1630.png,84,180,242859360
batches/b11/s-1646.png,143,88,242859360
batches/b11/s-1664.png,214,242,242859360
batches/b11/s-1683.png,52,87,242859360
batches/b11/s-1694.png,133,177,242859360
batches/b11/s-1713.png,98,3,242859360
batches/b11/s-1737.png,126,174,242859360
batches/b11/s-1738.png,7,243,242859360
batches/b11/s-1764.png,134,189,242859360
batches/b11/s-1776.png,82,56,242859360
batches/b11/s-1812.png,182,96,242859360
batches/b11/s-1820.png,130,78,242859360
batches/b11/s-1821.png,118,155,242859360
batches/b11/s-1824.png,75,102,242859360
batches/b11/s-1827.png,107,29,242859360
batches/b11/s-1875.png,112,56,242859360
batches/b11/s-1878.png,114,0,242859360
batches/b11/s-1879.png,187,125,242859360
batches/b11/s-1913.png,250,14,242859360
batches/b11/s-1915.png,173,219,242859360
batches/b11/s-1931.png,14,41,242859360
batches/b11/s-1960.png,127,94,242859360
batches/b11/s-1966.png,127,90,242859360
batches/b11/s-1969.png,95,81,242859360
batches/b11/s-1970.png,13,182,242859360
batches/b11/s-1972.png,26,92,242859360
batches/b11/s-1985.png,162,214,242859360
batches/b11/s-2014.png,234,153,242859360
batches/b11/s-2026.png,152,162,242859360
batches/b11/s-2045.png,54,200,242859360
batches/b11/s-2047.png,39,213,242859360
batches/b11/s-2053.png,232,220,242859360
batches/b11/s-2067.png,84,93,242859360
batches/b11/s-2069.png,93,30,242859360
batches/b11/s-2144.png,133,227,242859360
batches/b11/s-2158.png,93,81,242859360
batches/b11/s-2160.png,82,103,242859360
batches/b11/s-2215.png,159,206,242859360
batches/b11/s-2223.png,129,77,242859360
batches/b11/s-2227.png,127,59,242859360
batches/b11/s-2244.png,193,222,242859360
batches/b11/s-2248.png,190,187,242859360
batches/b11/s-2291.png,94,2,242859360
batches/b11/s-2308.png,250,214,242859360
batches/b11/s-2395.png,125,57,242859360
batches/b11/s-2432.png,100,248,242859360
batches/b11/s-2454.png,72,36,242859360
batches/b11/s-2472.png,177,227,242859360
batches/b11/s-2506.png,153,248,242859360
batches/b11/s-2509.png,34,234,242859360
batches/b11/s-2522.png,95,91,242859360
batches/b11/s-2560.png,114,236,242859360
batches/b11/s-2568.png,141,182,242859360
batches/b11/s-2584.png,51,39,242859360
batches/b11/s-2618.png,39,135,242859360
batches/b11/s-2659.png,132,218,242859360
batches/b11/s-2679.png,44,38,242859360
batches/b11/s-2707.png,24,139,242859360
batches/b11/s-2729.png,124,211,242859360
batches/b11/s-2732.png,74,156,242859360
batches/b11/s-2747.png,54,185,242859360
batches/b11/s-2769.png,28,213,242859360
batches/b11/s-2786.png,191,183,242859360
batches/b11/s-2820.png,177,189,242859360
batches/b11/s-2834.png,15,157,242859360
batches/b11/s-2880.png,61,246,242859360
batches/b11/s-2885.png,208,218,242859360
batches/b11/s-2928.png,143,164,242859360
batches/b11/s-2941.png,47,81,242859360
batches/b11/s-2944.png,36,201,242859360
batches/b11/s-2951.png,149,228,242859360
batches/b11/s-2952.png,201,217,242859360
batches/b11/s-2969.png,80,62,242859360
batches/b11/s-3003.png,54,105,242859360
batches/b11/s-3005.png,68,80,242859360
batches/b11/s-3039.png,124,84,242859360
batches/b11/s-3059.png,98,115,242859360
batches/b11/s-3070.png,65,178,242859360
batches/b11/s-3077.png,117,211,242859360
batches/b11/s-3102.png,104,19,242859360
batches/b11/s-3126.png,114,52,242859360
batches/b11/s-3129.png,147,33,242859360
batches/b11/s-3145.png,247,219,242859360
batches/b11/s-3148.png,242,199,242859360
batches/b11/s-3153.png,28,216,242859360
batches/b11/s-3169.png,96,128,242859360
batches/b11/s-3247.png,138,220,242859360
batches/b11/s-3257.png,85,51,242859360
batches/b11/s-3269.png,94,208,242859360
batches/b11/s-3270.png,168,256,242859360
batches/b11/s-3279.png,159,213,242859360
batches/b11/s-3313.png,150,189,242859360
batches/b11/s-3340.png,246,182,242859360
batches/b11/s-3343.png,118,185,242859360
batches/b11/s-3353.png,63,121,242859360
batches/b11/s-3379.png,148,182,242859360
batches/b11/s-3389.png,92,68,242859360
batches/b11/s-3393.png,57,164,242859360
batches/b11/s-3411.png,64,197,242859360
batches/b11/s-3452.png,97,34,242859360
batches/b11/s-3459.png,5,141,242859360
batches/b11/s-3461.png,47,227,242859360
batches/b11/s-3463.png,148,223,242859360
batches/b11/s-3487.png,111,89,242859360
batches/b11/s-3534.png,184,195,242859360
batches/b11/s-3538.png,103,228,242859360
batches/b11/s-3546.png,108,149,242859360
batches/b11/s-3547.png,68,23,242859360
batches/b11/s-3575.png,57,89,242859360
batches/b11/s-3611.png,64,90,242859360
batches/b11/s-3625.png,166,188,242859360
batches/b11/s-3664.png,138,166,242859360
batches/b11/s-3665.png,69,198,242859360
batches/b11/s-3701.png,95,103,242859360
batches/b11/s-3703.png,134,65,242859360
batches/b11/s-3720.png,162,217,242859360
batches/b11/s-3731.png,77,248,242859360
batches/b11/s-3770.png,135,41,242859360
batches/b11/s-3803.png,87,144,242859360
batches/b11/s-3840.png,52,124,242859360
batches/b11/s-3844.png,23,168,242859360
batches/b11/s-3868.png,60,120,242859360
batches/b11/s-3870.png,64,76,242859360
batches/b11/s-3887.png,183,256,242859360
batches/b11/s-3901.png,123,43,242859360
batches/b11/s-3920.png,150,237,242859360
batches/b11/s-3951.png,115,251,242859360
batches/b11/s-4037.png,104,222,242859360
batches/b11/s-4046.png,163,175,242859360
batches/b11/s-4048.png,45,237,242859360
batches/b11/s-4070.png,136,210,242859360
batches/b11/s-4079.png,174,226,242859360
batches/b11/s-4081.png,229,182,242859360
batches/b11/s-4084.png,17,3,242859360
batches/b11/s-4089.png,92,5,242859360
batches/b11/s-4090.png,118,18,242859360
batches/b11/s-4174.png,145,210,242859360
batches/b11/s-4254.png,87,40,242859360
batches/b11/s-4272.png,136,145,242859360
batches/b11/s-4277.png,142,63,242859360
batches/b11/s-4281.png,116,3,242859360
batches/b11/s-4294.png,124,165,242859360
batches/b11/s-4303.png,129,256,242859360
batches/b11/s-4304.png,103,248,242859360
batches/b11/s-4323.png,186,160,242859360
batches/b11/s-4326.png,138,172,242859360
batches/b11/s-4337.png,113,87,242859360
batches/b11/s-4340.png,130,98,242859360
batches/b11/s-4341.png,129,14,242859360
batches/b11/s-4342.png,243,147,242859360
batches/b11/s-4346.png,74,28,242859360
batches/b11/s-4382.png,85,85,242859360
batches/b11/s-4410.png,91,19,242859360
batches/b11/s-4418.png,37,157,242859360
batches/b11/s-4443.png,78,28,242859360
batches/b11/s-4453.png,112,156,242859360
batches/b11/s-4503.png,143,239,242859360
batches/b11/s-4542.png,35,96,242859360
batches/b11/s-4543.png,61,130,242859360
batches/b11/s-4552.png,251,156,242859360
batches/b11/s-4590.png,171,215,242859360
batches/b11/s-4598.png,84,41,242859360
batches/b11/s-4606.png,139,43,242859360
batches/b11/s-4613.png,127,243,242859360
batches/b11/s-4614.png,80,137,242859360
batches/b11/s-4655.png,107,241,242859360
batches/b11/s-4657.png,117,148,242859360
batches/b11/s-4671.png,140,235,242859360
batches/b11/s-4696.png,158,79,242859360
batches/b11/s-4705.png,100,56,242859360
batches/b11/s-4712.png,163,199,242859360
batches/b11/s-4737.png,12,148,242859360
batches/b11/s-4738.png,153,208,242859360
batches/b11/s-4741.png,98,202,242859360
batches/b11/s-4764.png,119,41,242859360
batches/b11/s-4773.png,152,189,242859360
batches/b11/s-4815.png,103,229,242859360
batches/b11/s-4824.png,76,59,242859360
batches/b11/s-4832.png,93,124,242859360
batches/b11/s-4837.png,125,126,242859360
batches/b11/s-4856.png,115,23,242859360
batches/b11/s-4860.png,53,82,242859360
batches/b11/s-4922.png,53,64,242859360
batches/b11/s-4933.png,181,255,242859360
batches/b11/s-4980.png,108,84,242859360
batches/b11/s-5042.png,138,128,242859360
batches/b11/s-5043.png,171,104,242859360
batches/b11/s-5056.png,60,143,242859360
batches/b11/s-5068.png,229,220,242859360
batches/b11/s-5121.png,59,150,242859360
batches/b11/s-5212.png,104,137,242859360
batches/b11/s-5233.png,72,18,242859360
batches/b11/s-5235.png,206,117,242859360
batches/b11/s-5263.png,218,162,242859360
batches/b11/s-5283.png,125,133,242859360
batches/b11/s-5284.png,103,225,242859360
batches/b11/s-5287.png,118,121,242859360
batches/b11/s-5325.png,166,235,242859360
batches/b11/s-5346.png,175,126,242859360
batches/b11/s-5348.png,146,186,242859360
batches/b11/s-5395.png,51,188,242859360
batches/b11/s-5424.png,155,198,242859360
batches/b11/s-5437.png,31,123,242859360
batches/b11/s-5538.png,84,115,242859360
batches/b11/s-5562.png,102,73,242859360
batches/b11/s-5593.png,93,55,242859360
batches/b11/s-5615.png,136,165,242859360
batches/b11/s-5678.png,115,178,242859360
batches/b11/s-5690.png,66,137,242859360
batches/b11/s-5695.png,51,188,242859360
batches/b11/s-5706.png,249,226,242859360
batches/b11/s-5729.png,143,213,242859360
batches/b11/s-5738.png,150,199,242859360
batches/b11/s-5773.png,85,217,242859360
batches/b11/s-5781.png,107,73,242859360
batches/b11/s-5783.png,92,24,242859360
batches/b11/s-5850.png,97,77,242859360
batches/b11/s-5854.png,130,64,242859360
batches/b11/s-5891.png,214,241,242859360
batches/b11/s-5900.png,64,256,242859360
batches/b11/s-5907.png,81,154,242859360
batches/b11/s-5910.png,107,34,242859360
batches/b11/s-5911.png,92,26,242859360
batches/b11/s-5919.png,98,181,242859360
batches/b11/s-5944.png,62,82,242859360
batches/b11/s-5951.png,87,197,242859360
batches/b11/s-5963.png,106,184,242859360
batches/b11/s-5964.png,28,238,242859360
batches/b11/s-5975.png,69,60,242859360
batches/b11/s-5979.png,128,124,242859360
batches/b11/s-5980.png,156,156,242859360
batches/b11/s-6004.png,84,82,242859360
batches/b11/s-6005.png,79,97,242859360
batches/b11/s-6011.png,39,176,242859360
batches/b11/s-6048.png,162,245,242859360
batches/b11/s-6061.png,147,65,242859360
batches/b11/s-6064.png,110,86,242859360
batches/b11/s-6070.png,57,55,242859360
batches/b11/s-6094.png,43,218,242859360
batches/b11/s-6095.png,59,184,242859360
batches/b11/s-6124.png,144,174,242859360
batches/b11/s-6127.png,137,78,242859360
batches/b11/s-6136.png,92,87,242859360
batches/b11/s-6176.png,153,167,242859360
batches/b11/s-6347.png,2,202,242859360
batches/b11/s-6353.png,12,160,242859360
batches/b11/s-6356.png,66,82,242859360
batches/b11/s-6376.png,143,215,242859360
batches/b11/s-6388.png,87,113,242859360
batches/b11/s-6420.png,86,16,242859360
batches/b11/s-6439.png,145,196,242859360
batches/b11/s-6440.png,116,181,242859360
batches/b11/s-6489.png,98,103,242859360
batches/b11/s-6506.png,93,61,242859360
batches/b11/s-6515.png,65,90,242859360
batches/b11/s-6522.png,121,214,242859360
batches/b11/s-6531.png,124,248,242859360
batches/b11/s-6534.png,76,196,242859360
batches/b11/s-6542.png,115,42,242859360
batches/b11/s-6548.png,125,90,242859360
batches/b11/s-6576.png,71,67,242859360
batches/b11/s-6578.png,35,152,242859360
batches/b11/s-6604.png,29,183,242859360
batches/b11/s-6605.png,12,102,242859360
batches/b11/s-6610.png,126,41,242859360
batches/b11/s-6611.png,44,29,242859360
batches/b11/s-6630.png,133,149,242859360
batches/b11/s-6660.png,115,169,242859360
batches/b11/s-6674.png,83,57,242859360
batches/b11/s-6679.png,120,88,242859360
batches/b11/s-6715.png,104,177,242859360
batches/b11/s-6756.png,125,207,242859360
batches/b11/s-6802.png,117,3,242859360
batches/b11/s-6831.png,89,55,242859360
batches/b11/s-6853.png,239,223,242859360
batches/b11/s-6892.png,103,151,242859360
batches/b11/s-6905.png,69,235,242859360
batches/b11/s-6926.png,68,204,242859360
batches/b11/s-6966.png,38,205,242859360
batches/b11/s-7064.png,107,141,242859360
batches/b11/s-7073.png,153,215,242859360
batches/b11/s-7122.png,125,129,242859360
batches/b11/s-7148.png,89,103,242859360
batches/b11/s-7158.png,48,229,242859360
batches/b11/s-7202.png,131,213,242859360
batches/b11/s-7213.png,76,99,242859360
batches/b11/s-7299.png,58,255,242859360
batches/b11/s-7316.png,81,77,242859360
batches/b11/s-7317.png,136,115,242859360
batches/b11/s-7348.png,34,195,242859360
batches/b11/s-7351.png,155,226,242859360
batches/b11/s-7368.png,71,108,242859360
batches/b11/s-7418.png,247,200,242859360
batches/b11/s-7440.png,119,35,242859360
batches/b11/s-7446.png,89,163,242859360
batches/b11/s-7451.png,179,251,242859360
batches/b11/s-7464.png,122,49,242859360
batches/b11/s-7497.png,80,75,242859360
batches/b11/s-7508.png,113,125,242859360
batches/b11/s-7563.png,77,54,242859360
batches/b11/s-7567.png,112,88,242859360
batches/b11/s-7584.png,146,151,242859360
batches/b11/s-7607.png,134,250,242859360
batches/b11/s-7608.png,151,164,242859360
batches/b11/s-7609.png,251,200,242859360
batches/b11/s-7610.png,223,156,242859360
batches/b11/s-7639.png,165,143,242859360
batches/b11/s-7702.png,164,221,242859360
batches/b11/s-7703.png,166,247,242859360
batches/b11/s-7709.png,56,96,242859360
batches/b11/s-7715.png,109,113,242859360
batches/b11/s-7730.png,44,227,242859360
batches/b11/s-7738.png,245,187,242859360
batches/b11/s-7748.png,48,158,242859360
batches/b11/s-7752.png,103,100,242859360
batches/b11/s-7753.png,89,39,242859360
batches/b11/s-7757.png,146,169,242859360
batches/b11/s-7787.png,63,153,242859360
batches/b11/s-7788.png,73,142,242859360
batches/b11/s-7789.png,198,42,242859360
batches/b11/s-7792.png,23,221,242859360
batches/b11/s-7891.png,119,236,242859360
batches/b11/s-7899.png,123,43,242859360
batches/b11/s-7901.png,135,83,242859360
batches/b11/s-7912.png,62,232,242859360
batches/b11/s-7913.png,120,216,242859360
batches/b11/s-7929.png,50,199,242859360
batches/b11/s-7930.png,63,202,242859360
batches/b11/s-7955.png,117,139,242859360
batches/b11/s-7988.png,44,123,242859360
batches/b11/s-8010.png,134,178,242859360
batches/b11/s-8011.png,106,141,242859360
batches/b11/s-8014.png,169,41,242859360
batches/b11/s-8018.png,75,62,242859360
batches/b12/s-11.png,195,17,41120464
batches/b12/s-27.png,201,166,41120464
batches/b12/s-31.png,203,86,41120464
batches/b12/s-53.png,196,50,41120464
batches/b12/s-57.png,158,36,41120464
batches/b12/s-73.png,207,118,41120464
batches/b12/s-85.png,81,184,41120464
batches/b12/s-102.png,110,50,41120464
batches/b12/s-138.png,221,74,41120464
batches/b12/s-158.png,206,94,41120464
batches/b12/s-159.png,148,66,41120464
batches/b12/s-162.png,119,55,41120464
batches/b12/s-163.png,157,96,41120464
batches/b12/s-178.png,222,88,41120464
batches/b12/s-184.png,170,52,41120464
batches/b12/s-218.png,244,120,41120464
batches/b12/s-232.png,40,137,41120464
batches/b12/s-259.png,215,150,41120464
batches/b12/s-314.png,69,109,41120464
batches/b12/s-340.png,54,148,41120464
batches/b12/s-375.png,106,40,41120464
batches/b12/s-443.png,44,100,41120464
batches/b12/s-451.png,195,146,41120464
batches/b12/s-452.png,173,133,41120464
batches/b12/s-476.png,186,39,41120464
batches/b12/s-477.png,151,98,41120464
batches/b12/s-488.png,75,180,41120464
batches/b12/s-489.png,71,110,41120464
batches/b12/s-497.png,165,90,41120464
batches/b12/s-503.png,87,33,41120464
batches/b12/s-504.png,42,83,41120464
batches/b12/s-511.png,246,230,41120464
batches/b12/s-541.png,135,91,41120464
batches/b12/s-542.png,131,21,41120464
batches/b12/s-543.png,176,100,41120464
batches/b12/s-550.png,6,173,41120464
batches/b12/s-555.png,197,197,41120464
batches/b12/s-574.png,132,216,41120464
batches/b12/s-615.png,158,148,41120464
batches/b12/s-616.png,142,223,41120464
batches/b13/s-6.png,157,117,41120464
batches/b13/s-10.png,166,52,41120464
batches/b13/s-11.png,159,1,41120464
batches/b13/s-23.png,216,77,41120464
batches/b13/s-30.png,101,115,41120464
batches/b13/s-69.png,113,220,41120464
batches/b13/s-84.png,77,155,41120464
batches/b13/s-88.png,224,96,41120464
batches/b13/s-102.png,126,201,41120464
batches/b13/s-138.png,248,133,41120464
batches/b13/s-150.png,28,58,41120464
batches/b13/s-163.png,111,50,41120464
batches/b13/s-174.png,200,75,41120464
batches/b13/s-259.png,231,50,41120464
batches/b13/s-274.png,192,164,41120464
batches/b13/s-276.png,192,7,41120464
batches/b13/s-277.png,195,65,41120464
batches/b13/s-278.png,140,126,41120464
batches/b13/s-312.png,113,147,41120464
batches/b13/s-372.png,204,197,41120464
batches/b13/s-377.png,202,65,41120464
batches/b13/s-399.png,77,55,41120464
batches/b13/s-451.png,13,209,41120464
batches/b13/s-482.png,42,60,41120464
batches/b13/s-495.png,141,89,41120464
batches/b13/s-512.png,125,40,41120464
batches/b13/s-573.png,227,95,41120464
batches/b13/s-589.png,231,75,41120464
batches/b13/s-590.png,205,122,41120464
batches/b13/s-610.png,176,64,41120464
batches/b13/s-629.png,134,74,41120464
batches/b13/s-669.png,137,187,41120464
batches/b13/s-678.png,98,55,41120464
batches/b13/s-714.png,53,75,41120464
batches/b13/s-740.png,225,46,41120464
batches/b13/s-774.png,137,31,41120464
batches/b13/s-816.png,39,185,41120464
batches/b13/s-854.png,240,151,41120464
batches/b13/s-916.png,39,193,41120464
batches/b13/s-929.png,88,22,41120464
batches/b13/s-938.png,194,138,41120464
batches/b13/s-941.png,219,96,41120464
batches/b13/s-973.png,197,20,41120464
batches/b13/s-974.png,189,1,41120464
batches/b13/s-984.png,65,205,41120464
batches/b13/s-1019.png,119,187,41120464
batches/b13/s-1047.png,55,117,41120464
batches/b13/s-1068.png,158,149,41120464
batches/b13/s-1081.png,42,138,41120464
batches/b13/s-1102.png,97,231,41120464
batches/b13/s-1119.png,179,209,41120464
batches/b13/s-1125.png,203,86,41120464
batches/b13/s-1129.png,106,49,41120464
batches/b13/s-1130.png,94,41,41120464
batches/b13/s-1141.png,198,141,41120464
batches/b13/s-1155.png,230,159,41120464
batches/b13/s-1166.png,66,176,41120464
batches/b13/s-1168.png,84,159,41120464
batches/b13/s-1213.png,89,45,41120464
batches/b13/s-1233.png,33,150,41120464
batches/b13/s-1252.png,210,163,41120464
batches/b13/s-1267.png,66,234,41120464
batches/b13/s-1301.png,183,199,41120464
batches/b13/s-1305.png,165,130,41120464
batches/b13/s-1327.png,99,60,41120464
batches/b13/s-1334.png,121,201,41120464
batches/b13/s-1376.png,133,23,41120464
batches/b13/s-1381.png,43,144,41120464
batches/b13/s-1383.png,43,155,41120464
batches/b13/s-1423.png,148,32,41120464
batches/b13/s-1429.png,37,79,41120464
batches/b13/s-1449.png,106,212,41120464
batches/b13/s-1460.png,88,125,41120464
batches/b13/s-1466.png,121,229,41120464
batches/b13/s-1480.png,42,171,41120464
batches/b13/s-1489.png,185,20,41120464
batches/b13/s-1493.png,100,17,41120464
batches/b13/s-1507.png,127,63,41120464
batches/b13/s-1512.png,24,175,41120464
batches/b13/s-1566.png,206,138,41120464
batches/b13/s-1580.png,46,209,41120464
batches/b13/s-1591.png,119,35,41120464
batches/b13/s-1592.png,102,16,41120464
batches/b13/s-1594.png,80,137,41120464
batches/b13/s-1595.png,29,104,41120464
batches/b13/s-1623.png,106,131,41120464
batches/b13/s-1631.png,141,144,41120464
batches/b13/s-1646.png,12,228,41120464
batches/b13/s-1661.png,70,175,41120464
batches/b13/s-1665.png,233,221,41120464
batches/b13/s-1686.png,172,37,41120464
batches/b13/s-1757.png,116,60,41120464
batches/b13/s-1758.png,48,104,41120464
batches/b13/s-1759.png,26,139,41120464
batches/b13/s-1769.png,234,94,41120464
batches/b13/s-1778.png,138,230,41120464
batches/b13/s-1790.png,110,40,41120464
batches/b13/s-1791.png,30,94,41120464
batches/b13/s-1834.png,183,99,41120464
batches/b13/s-1836.png,174,109,41120464
batches/b13/s-1840.png,217,135,41120464
batches/b13/s-1843.png,121,117,41120464
batches/b13/s-1856.png,112,63,41120464
batches/b13/s-1876.png,64,137,41120464
batches/b13/s-1897.png,251,138,41120464
batches/b13/s-1898.png,191,136,41120464
batches/b13/s-1936.png,190,102,41120464
batches/b13/s-1967.png,215,135,41120464
batches/b13/s-1992.png,81,103,41120464
batches/b13/s-1993.png,77,181,41120464
batches/b13/s-2003.png,158,83,41120464
batches/b13/s-2006.png,97,7,41120464
batches/b13/s-2063.png,184,212,41120464
batches/b13/s-2149.png,195,68,41120464
batches/b13/s-2161.png,90,59,41120464
batches/b13/s-2162.png,145,150,41120464
batches/b13/s-2181.png,235,129,41120464
batches/b13/s-2250.png,191,139,41120464
batches/b13/s-2292.png,51,66,41120464
batches/b13/s-2306.png,126,64,41120464
batches/b13/s-2404.png,147,115,41120464
batches/b13/s-2410.png,47,202,41120464
batches/b13/s-2437.png,171,142,41120464
batches/b13/s-2446.png,143,204,41120464
batches/b13/s-2475.png,139,131,41120464
batches/b13/s-2486.png,167,78,41120464
batches/b13/s-2524.png,132,94,41120464
batches/b13/s-2534.png,229,115,41120464
batches/b13/s-2578.png,60,221,41120464
batches/b13/s-2606.png,114,94,41120464
batches/b13/s-2613.png,162,210,41120464
batches/b13/s-2640.png,90,20,41120464
batches/b13/s-2645.png,32,154,41120464
batches/b13/s-2675.png,95,88,41120464
batches/b13/s-2679.png,85,199,41120464
batches/b13/s-2697.png,161,192,41120464
batches/b13/s-2730.png,150,166,41120464
batches/b13/s-2736.png,168,61,41120464
batches/b13/s-2758.png,81,99,41120464
batches/b13/s-2760.png,57,151,41120464
batches/b13/s-2781.png,223,162,41120464
batches/b13/s-2790.png,124,79,41120464
batches/b13/s-2791.png,118,45,41120464
batches/b13/s-2800.png,219,133,41120464
batches/b13/s-2801.png,182,78,41120464
batches/b13/s-2858.png,142,60,41120464
batches/b13/s-2859.png,98,76,41120464
batches/b13/s-2918.png,233,112,41120464
batches/b13/s-2955.png,202,39,41120464
batches/b13/s-2970.png,202,172,41120464
batches/b13/s-3052.png,182,229,41120464
batches/b13/s-3096.png,71,114,41120464
batches/b13/s-3177.png,113,78,41120464
batches/b13/s-3178.png,98,69,41120464
batches/b13/s-3186.png,152,179,41120464
batches/b13/s-3203.png,174,150,41120464
batches/b13/s-3221.png,230,186,41120464
batches/b13/s-3222.png,224,93,41120464
batches/b13/s-3266.png,58,117,41120464
batches/b13/s-3331.png,82,36,41120464
batches/b13/s-3348.png,100,22,41120464
batches/b13/s-3357.png,217,162,41120464
batches/b13/s-3367.png,133,87,41120464
batches/b13/s-3375.png,186,116,41120464
batches/b13/s-3379.png,172,63,41120464
batches/b13/s-3392.png,223,100,41120464
batches/b13/s-3393.png,166,11,41120464
batches/b13/s-3395.png,149,111,41120464
batches/b13/s-3409.png,216,121,41120464
batches/b13/s-3451.png,40,152,41120464
batches/b13/s-3456.png,183,61,41120464
batches/b13/s-3484.png,8,151,41120464
batches/b13/s-3492.png,220,69,41120464
batches/b13/s-3496.png,103,88,41120464
batches/b13/s-3530.png,110,28,41120464
batches/b13/s-3571.png,66,218,41120464
batches/b13/s-3574.png,186,169,41120464
batches/b13/s-3576.png,199,76,41120464
batches/b13/s-3615.png,111,60,41120464
batches/b13/s-3616.png,124,93,41120464
batches/b13/s-3623.png,143,205,41120464
batches/b13/s-3639.png,76,155,41120464
batches/b13/s-3665.png,121,92,41120464
batches/b13/s-3671.png,15,199,41120464
batches/b13/s-3691.png,157,227,41120464
batches/b13/s-3772.png,37,179,41120464
batches/b13/s-3793.png,189,114,41120464
batches/b13/s-3807.png,192,114,41120464
batches/b13/s-3827.png,121,143,41120464
