b4/s-89.png,158,207,39765664
b4/s-90.png,198,30,39765664
b4/s-91.png,85,163,39765664
b4/s-122.png,215,141,39765664
b4/s-123.png,146,172,39765664
b4/s-124.png,204,37,39765664
b4/s-210.png,132,22,39765664
b4/s-211.png,216,161,39765664
b4/s-259.png,28,32,39765664
b4/s-260.png,77,90,39765664
b4/s-432.png,120,91,39765664
b4/s-433.png,233,86,39765664
b4/s-434.png,205,212,39765664
b4/s-435.png,154,45,39765664
b4/s-436.png,123,55,39765664
b4/s-468.png,203,157,39765664
b4/s-469.png,7,155,39765664
b4/s-475.png,108,121,39765664
b4/s-476.png,53,26,39765664
b4/s-524.png,13,184,39765664
b4/s-525.png,78,82,39765664
b4/s-626.png,154,193,39765664
b4/s-627.png,13,75,39765664
b4/s-643.png,111,161,39765664
b4/s-644.png,48,128,39765664
b4/s-786.png,142,186,39765664
b4/s-787.png,120,64,39765664
b4/s-947.png,108,243,39765664
b4/s-948.png,204,158,39765664
b4/s-949.png,109,151,39765664
b4/s-999.png,37,5,39765664
b4/s-1000.png,41,155,39765664
b4/s-1055.png,108,60,39765664
b4/s-1056.png,165,248,39765664
b4/s-1057.png,231,207,39765664
b4/s-1067.png,217,128,39765664
b4/s-1068.png,250,67,39765664
b4/s-1069.png,46,236,39765664
b4/s-1161.png,74,248,39765664
b4/s-1162.png,183,165,39765664
b4/s-1163.png,172,105,39765664
b4/s-1239.png,253,94,39765664
b4/s-1240.png,131,195,39765664
b4/s-1241.png,232,34,39765664
b4/s-1303.png,35,45,39765664
b4/s-1304.png,56,205,39765664
b4/s-1325.png,88,187,39765664
b4/s-1326.png,188,21,39765664
b4/s-1327.png,218,215,39765664
b4/s-1328.png,170,17,39765664
b4/s-1329.png,45,158,39765664
b4/s-1379.png,7,244,39765664
b4/s-1380.png,101,126,39765664
b4/s-1409.png,157,214,39765664
b4/s-1410.png,235,235,39765664
b4/s-1462.png,57,46,39765664
b4/s-1463.png,73,74,39765664
b4/s-1511.png,115,193,39765664
b4/s-1512.png,33,177,39765664
b4/s-1513.png,25,225,39765664
b4/s-1514.png,28,197,39765664
b4/s-1515.png,157,61,39765664
b4/s-1590.png,72,142,39765664
b4/s-1591.png,143,82,39765664
b4/s-1614.png,0,119,39765664
b4/s-1615.png,42,203,39765664
b4/s-1616.png,187,205,39765664
b4/s-1649.png,109,84,39765664
b4/s-1650.png,82,199,39765664
b4/s-1654.png,152,46,39765664
b4/s-1655.png,201,58,39765664
b4/s-1661.png,207,133,39765664
b4/s-1662.png,189,11,39765664
b4/s-1663.png,147,173,39765664
b4/s-1676.png,238,210,39765664
b4/s-1677.png,244,54,39765664
b4/s-1678.png,111,109,39765664
b4/s-1759.png,215,27,39765664
b4/s-1760.png,129,57,39765664
b4/s-1761.png,68,128,39765664
b4/s-1858.png,60,74,39765664
b4/s-1859.png,175,107,39765664
b4/s-1875.png,54,171,39765664
b4/s-1876.png,8,75,39765664
b4/s-1943.png,107,109,39765664
b4/s-1944.png,190,124,39765664
b4/s-1945.png,151,106,39765664
b4/s-2047.png,66,163,39765664
b4/s-2048.png,121,43,39765664
b4/s-2098.png,246,89,39765664
b4/s-2099.png,190,74,39765664
b4/s-2117.png,119,11,39765664
b4/s-2118.png,9,101,39765664
b4/s-2119.png,215,29,39765664
b4/s-2225.png,181,190,39765664
b4/s-2226.png,246,69,39765664
b4/s-2227.png,222,17,39765664
b4/s-2294.png,131,69,39765664
b4/s-2295.png,248,103,39765664
b4/s-2360.png,49,152,39765664
b4/s-2361.png,13,48,39765664
b4/s-2365.png,119,10,39765664
b4/s-2366.png,119,80,39765664
b4/s-2370.png,246,63,39765664
b4/s-2371.png,16,42,39765664
b4/s-2399.png,106,104,39765664
b4/s-2400.png,116,104,39765664
b4/s-2489.png,213,193,39765664
b4/s-2490.png,111,212,39765664
b4/s-2540.png,232,232,39765664
b4/s-2541.png,209,246,39765664
b4/s-2559.png,235,25,39765664
b4/s-2560.png,242,175,39765664
b4/s-2622.png,143,85,39765664
b4/s-2623.png,2,70,39765664
b4/s-2624.png,94,243,39765664
b4/s-2630.png,173,182,39765664
b4/s-2631.png,169,181,39765664
b4/s-2663.png,135,243,39765664
b4/s-2664.png,42,165,39765664
b4/s-2665.png,41,83,39765664
b4/s-2724.png,83,180,39765664
b4/s-2725.png,151,203,39765664
b4/s-2726.png,28,245,39765664
b4/s-2744.png,15,14,39765664
b4/s-2745.png,187,23,39765664
b4/s-2748.png,50,201,39765664
b4/s-2749.png,145,144,39765664
b4/s-2792.png,53,53,39765664
b4/s-2793.png,229,75,39765664
b4/s-2801.png,74,220,39765664
b4/s-2802.png,150,150,39765664
b4/s-2803.png,20,245,39765664
b4/s-2841.png,27,96,39765664
b4/s-2842.png,68,77,39765664
b4/s-2889.png,90,190,39765664
b4/s-2890.png,95,117,39765664
b4/s-2891.png,127,237,39765664
b4/s-2892.png,248,206,39765664
b4/s-2893.png,132,116,39765664
b4/s-3004.png,239,39,39765664
b4/s-3005.png,159,112,39765664
b4/s-3006.png,25,81,39765664
b4/s-3070.png,38,185,39765664
b4/s-3071.png,70,252,39765664
b4/s-3075.png,126,194,39765664
b4/s-3076.png,15,146,39765664
b4/s-3080.png,249,131,39765664
b4/s-3081.png,252,135,39765664
b4/s-3152.png,203,254,39765664
b4/s-3153.png,42,138,39765664
b4/s-3154.png,114,7,39765664
b4/s-3255.png,233,221,39765664
b4/s-3256.png,247,60,39765664
b4/s-3264.png,231,128,39765664
b4/s-3265.png,112,143,39765664
b4/s-3266.png,248,202,39765664
b4/s-3274.png,213,255,39765664
b4/s-3275.png,69,19,39765664
b4/s-3321.png,7,0,39765664
b4/s-3322.png,82,114,39765664
b4/s-3328.png,81,201,39765664
b4/s-3329.png,12,141,39765664
b4/s-3345.png,44,32,39765664
b4/s-3346.png,134,102,39765664
b4/s-3362.png,49,20,39765664
b4/s-3363.png,66,208,39765664
b4/s-3372.png,63,205,39765664
b4/s-3373.png,145,60,39765664
b4/s-3433.png,100,51,39765664
b4/s-3434.png,8,197,39765664
b4/s-3508.png,168,231,39765664
b4/s-3509.png,21,84,39765664
b4/s-3541.png,13,25,39765664
b4/s-3542.png,230,133,39765664
b4/s-3592.png,215,129,39765664
b4/s-3593.png,236,145,39765664
b4/s-3594.png,20,87,39765664
b4/s-3750.png,101,38,39765664
b4/s-3751.png,75,38,39765664
b4/s-3752.png,114,67,39765664
b4/s-3794.png,148,41,39765664
b4/s-3795.png,225,208,39765664
b4/s-3796.png,28,91,39765664
b4/s-3799.png,121,96,39765664
b4/s-3800.png,86,134,39765664
b4/s-3801.png,164,61,39765664
b4/s-3802.png,143,10,39765664
b4/s-3803.png,52,107,39765664
b4/s-3809.png,167,54,39765664
b4/s-3810.png,96,158,39765664
b4/s-3853.png,231,130,39765664
b4/s-3854.png,87,123,39765664
b4/s-3875.png,221,211,39765664
b4/s-3876.png,244,169,39765664
b4/s-3877.png,43,46,39765664
b4/s-3882.png,85,108,39765664
b4/s-3883.png,244,206,39765664
b4/s-3884.png,233,117,39765664
b4/s-3900.png,220,11,39765664
b4/s-3901.png,166,168,39765664
b4/s-3914.png,132,53,39765664
b4/s-3915.png,45,1,39765664
b4/s-3916.png,94,11,39765664
b4/s-3948.png,157,77,39765664
b4/s-3949.png,106,99,39765664
b4/s-3950.png,113,153,39765664
b4/s-3963.png,159,185,39765664
b4/s-3964.png,252,240,39765664
b4/s-3965.png,142,95,39765664
b4/s-3966.png,79,117,39765664
b4/s-3967.png,244,101,39765664
b4/s-3988.png,228,205,39765664
b4/s-3989.png,243,17,39765664
b4/s-4024.png,253,240,39765664
b4/s-4025.png,107,8,39765664
b4/s-4034.png,80,66,39765664
b4/s-4035.png,109,50,39765664
b4/s-4036.png,185,65,39765664
b4/s-4037.png,216,156,39765664
b4/s-4038.png,175,137,39765664
b4/s-4061.png,138,4,39765664
b4/s-4062.png,46,22,39765664
b4/s-4073.png,89,222,39765664
b4/s-4074.png,14,12,39765664
b4/s-4095.png,238,147,39765664
b4/s-4096.png,35,13,39765664
b4/s-4126.png,104,50,39765664
b4/s-4127.png,62,12,39765664
b4/s-4128.png,86,248,39765664
b4/s-4173.png,231,32,39765664
b4/s-4174.png,140,123,39765664
b4/s-4209.png,108,47,39765664
b4/s-4210.png,169,141,39765664
b4/s-4219.png,177,38,39765664
b4/s-4220.png,202,107,39765664
b4/s-4233.png,62,162,39765664
b4/s-4234.png,138,31,39765664
b4/s-4243.png,47,119,39765664
b4/s-4244.png,28,11,39765664
b4/s-4248.png,49,36,39765664
b4/s-4249.png,54,174,39765664
b4/s-4267.png,130,65,39765664
b4/s-4268.png,156,39,39765664
b4/s-4308.png,98,97,39765664
b4/s-4309.png,188,132,39765664
b4/s-4310.png,177,155,39765664
b4/s-4321.png,74,62,39765664
b4/s-4322.png,236,97,39765664
b4/s-4326.png,220,10,39765664
b4/s-4327.png,232,121,39765664
b4/s-4357.png,147,4,39765664
b4/s-4358.png,80,92,39765664
b4/s-4359.png,76,206,39765664
b4/s-4364.png,152,31,39765664
b4/s-4365.png,34,34,39765664
b4/s-4366.png,7,100,39765664
b4/s-4394.png,147,232,39765664
b4/s-4395.png,225,103,39765664
b4/s-4408.png,232,157,39765664
b4/s-4409.png,26,45,39765664
b4/s-4413.png,232,160,39765664
b4/s-4414.png,73,131,39765664
b4/s-4415.png,172,23,39765664
b4/s-4416.png,75,195,39765664
b4/s-4417.png,80,243,39765664
b4/s-4433.png,83,9,39765664
b4/s-4434.png,220,70,39765664
b4/s-4484.png,225,207,39765664
b4/s-4485.png,126,150,39765664
b4/s-4506.png,29,153,39765664
b4/s-4507.png,199,221,39765664
b4/s-4518.png,186,17,39765664
b4/s-4519.png,110,118,39765664
b4/s-4542.png,109,198,39765664
b4/s-4543.png,139,85,39765664
b4/s-4544.png,153,231,39765664
b4/s-4564.png,181,231,39765664
b4/s-4565.png,133,254,39765664
b4/s-4644.png,73,218,39765664
b4/s-4645.png,222,110,39765664
b4/s-4646.png,172,81,39765664
b4/s-4647.png,87,76,39765664
b4/s-4648.png,173,184,39765664
b4/s-4663.png,158,62,39765664
b4/s-4664.png,66,14,39765664
b4/s-4665.png,168,109,39765664
b4/s-4668.png,145,102,39765664
b4/s-4669.png,75,81,39765664
b4/s-4670.png,172,224,39765664
b4/s-4715.png,192,31,39765664
b4/s-4716.png,85,72,39765664
b4/s-4727.png,102,113,39765664
b4/s-4728.png,146,171,39765664
b4/s-4731.png,163,50,39765664
b4/s-4732.png,16,46,39765664
b4/s-4733.png,134,110,39765664
b4/s-4734.png,123,22,39765664
b4/s-4735.png,141,68,39765664
b4/s-4746.png,188,167,39765664
b4/s-4747.png,141,253,39765664
b4/s-4748.png,51,113,39765664
b4/s-4766.png,237,219,39765664
b4/s-4767.png,27,6,39765664
b4/s-4807.png,130,69,39765664
b4/s-4808.png,148,149,39765664
b4/s-4809.png,213,196,39765664
b4/s-4815.png,34,73,39765664
b4/s-4816.png,158,152,39765664
b4/s-4832.png,94,70,39765664
b4/s-4833.png,35,247,39765664
b4/s-4864.png,31,182,39765664
b4/s-4865.png,228,58,39765664
b4/s-4915.png,81,17,39765664
b4/s-4916.png,108,138,39765664
b4/s-4937.png,73,31,39765664
b4/s-4938.png,105,231,39765664
b4/s-4939.png,151,58,39765664
b4/s-4940.png,206,121,39765664
b4/s-4941.png,91,64,39765664
b4/s-4949.png,68,232,39765664
b4/s-4950.png,129,252,39765664
b4/s-4951.png,7,100,39765664
b4/s-4978.png,44,146,39765664
b4/s-4979.png,181,54,39765664
b4/s-4983.png,169,166,39765664
b4/s-4984.png,201,32,39765664
b4/s-4990.png,178,214,39765664
b4/s-4991.png,153,20,39765664
b4/s-4992.png,124,177,39765664
b4/s-4993.png,206,43,39765664
b4/s-4994.png,120,171,39765664
b4/s-5029.png,150,89,39765664
b4/s-5030.png,220,16,39765664
b4/s-5031.png,171,174,39765664
b4/s-5115.png,18,72,39765664
b4/s-5116.png,62,89,39765664
b4/s-5137.png,86,69,39765664
b4/s-5138.png,19,93,39765664
b4/s-5139.png,112,250,39765664
b4/s-5145.png,88,65,39765664
b4/s-5146.png,143,240,39765664
b4/s-5174.png,239,15,39765664
b4/s-5175.png,101,68,39765664
b4/s-5176.png,99,48,39765664
b4/s-5177.png,203,248,39765664
b4/s-5178.png,252,206,39765664
b4/s-5189.png,211,222,39765664
b4/s-5190.png,71,220,39765664
b4/s-5194.png,16,109,39765664
b4/s-5195.png,95,200,39765664
b4/s-5199.png,163,7,39765664
b4/s-5200.png,0,39,39765664
b4/s-5216.png,106,243,39765664
b4/s-5217.png,66,71,39765664
b4/s-5221.png,120,2,39765664
b4/s-5222.png,175,246,39765664
b4/s-5284.png,201,85,39765664
b4/s-5285.png,248,33,39765664
b4/s-5286.png,1,166,39765664
b4/s-5304.png,0,65,39765664
b4/s-5305.png,69,206,39765664
b4/s-5328.png,186,114,39765664
b4/s-5329.png,73,24,39765664
b4/s-5330.png,132,22,39765664
b4/s-5331.png,236,132,39765664
b4/s-5332.png,24,79,39765664
b4/s-5346.png,44,191,39765664
b4/s-5347.png,191,11,39765664
b4/s-5365.png,14,50,39765664
b4/s-5366.png,5,158,39765664
b4/s-5367.png,36,89,39765664
b4/s-5370.png,212,140,39765664
b4/s-5371.png,44,54,39765664
b4/s-5372.png,3,242,39765664
b4/s-5387.png,133,91,39765664
b4/s-5388.png,157,168,39765664
b4/s-5389.png,43,78,39765664
b4/s-5395.png,121,116,39765664
b4/s-5396.png,14,88,39765664
b4/s-5407.png,36,48,39765664
b4/s-5408.png,60,229,39765664
b4/s-5426.png,147,8,39765664
b4/s-5427.png,78,156,39765664
b4/s-5431.png,195,176,39765664
b4/s-5432.png,210,194,39765664
b4/s-5535.png,144,36,39765664
b4/s-5536.png,196,143,39765664
b4/s-5537.png,25,31,39765664
b4/s-5555.png,217,51,39765664
b4/s-5556.png,198,131,39765664
b4/s-5565.png,236,185,39765664
b4/s-5566.png,37,151,39765664
b4/s-5599.png,144,97,39765664
b4/s-5600.png,75,94,39765664
b4/s-5601.png,39,58,39765664
b4/s-5619.png,93,256,39765664
b4/s-5620.png,253,117,39765664
b4/s-5621.png,144,174,39765664
b4/s-5661.png,34,209,39765664
b4/s-5662.png,82,204,39765664
b4/s-5670.png,109,28,39765664
b4/s-5671.png,254,33,39765664
b4/s-5672.png,187,70,39765664
b4/s-5700.png,62,97,39765664
b4/s-5701.png,55,77,39765664
b4/s-5707.png,179,91,39765664
b4/s-5708.png,212,55,39765664
b4/s-5709.png,185,7,39765664
b4/s-5763.png,123,80,39765664
b4/s-5764.png,190,79,39765664
b4/s-5765.png,237,17,39765664
b4/s-5778.png,122,51,39765664
b4/s-5779.png,112,210,39765664
b4/s-5780.png,236,143,39765664
b4/s-5783.png,249,229,39765664
b4/s-5784.png,136,209,39765664
b4/s-5785.png,45,98,39765664
b4/s-5835.png,34,247,39765664
b4/s-5836.png,225,219,39765664
b4/s-5857.png,46,201,39765664
b4/s-5858.png,180,213,39765664
b4/s-5901.png,103,129,39765664
b4/s-5902.png,48,193,39765664
b4/s-5930.png,55,146,39765664
b4/s-5931.png,61,103,39765664
b4/s-6001.png,108,219,39765664
b4/s-6002.png,26,12,39765664
b4/s-6003.png,0,136,39765664
b4/s-6055.png,32,148,39765664
b4/s-6056.png,251,163,39765664
b4/s-6097.png,207,211,39765664
b4/s-6098.png,104,49,39765664
b4/s-6099.png,59,155,39765664
b4/s-6100.png,206,70,39765664
b4/s-6116.png,50,125,39765664
b4/s-6117.png,115,203,39765664
b4/s-6118.png,41,178,39765664
b4/s-6128.png,121,77,39765664
b4/s-6129.png,164,48,39765664
b4/s-6130.png,4,78,39765664
b4/s-6163.png,231,148,39765664
b4/s-6164.png,131,158,39765664
b4/s-6197.png,67,149,39765664
b4/s-6198.png,27,39,39765664
b4/s-6212.png,173,184,39765664
b4/s-6213.png,6,3,39765664
b4/s-6214.png,164,67,39765664
b4/s-6215.png,85,123,39765664
b4/s-6216.png,231,229,39765664
b4/s-6229.png,12,161,39765664
b4/s-6230.png,52,156,39765664
b4/s-6231.png,27,40,39765664
b4/s-6244.png,146,253,39765664
b4/s-6245.png,202,166,39765664
b4/s-6268.png,58,62,39765664
b4/s-6269.png,124,103,39765664
b4/s-6270.png,2,130,39765664
b4/s-6276.png,82,123,39765664
b4/s-6277.png,161,132,39765664
b4/s-6305.png,8,246,39765664
b4/s-6306.png,131,141,39765664
b4/s-6343.png,206,85,39765664
b4/s-6344.png,107,225,39765664
b4/s-6345.png,85,200,39765664
b4/s-6380.png,74,217,39765664
b4/s-6381.png,69,2,39765664
b4/s-6382.png,84,34,39765664
b4/s-6383.png,46,137,39765664
b4/s-6384.png,243,33,39765664
b4/s-6404.png,91,81,39765664
b4/s-6405.png,5,23,39765664
b4/s-6406.png,126,6,39765664
b4/s-6409.png,165,93,39765664
b4/s-6410.png,170,224,39765664
b4/s-6411.png,151,94,39765664
b4/s-6412.png,129,159,39765664
b4/s-6413.png,91,238,39765664
b4/s-6426.png,147,93,39765664
b4/s-6427.png,162,22,39765664
b4/s-6428.png,231,112,39765664
b4/s-6436.png,148,64,39765664
b4/s-6437.png,0,21,39765664
b4/s-6438.png,215,39,39765664
b4/s-6469.png,143,75,39765664
b4/s-6470.png,114,59,39765664
b4/s-6471.png,139,230,39765664
b4/s-6486.png,55,48,39765664
b4/s-6487.png,203,62,39765664
b4/s-6488.png,46,63,39765664
b4/s-6494.png,192,69,39765664
b4/s-6495.png,197,162,39765664
b4/s-6530.png,11,243,39765664
b4/s-6531.png,58,245,39765664
b4/s-6532.png,193,100,39765664
b4/s-6542.png,138,86,39765664
b4/s-6543.png,131,221,39765664
b4/s-6544.png,232,63,39765664
b4/s-6555.png,164,45,39765664
b4/s-6556.png,253,11,39765664
b4/s-6579.png,153,11,39765664
b4/s-6580.png,213,151,39765664
b4/s-6586.png,216,149,39765664
b4/s-6587.png,106,214,39765664
b4/s-6588.png,179,177,39765664
b4/s-6598.png,126,154,39765664
b4/s-6599.png,175,76,39765664
b4/s-6600.png,156,173,39765664
b4/s-6630.png,152,250,39765664
b4/s-6631.png,26,46,39765664
b4/s-6632.png,3,237,39765664
b4/s-6635.png,80,152,39765664
b4/s-6636.png,149,103,39765664
b4/s-6637.png,160,17,39765664
b4/s-6638.png,29,246,39765664
b4/s-6639.png,101,170,39765664
b4/s-6665.png,48,190,39765664
b4/s-6666.png,172,191,39765664
b4/s-6740.png,106,144,39765664
b4/s-6741.png,64,121,39765664
b4/s-6759.png,162,78,39765664
b4/s-6760.png,221,173,39765664
b4/s-6761.png,124,187,39765664
b4/s-6769.png,137,102,39765664
b4/s-6770.png,103,30,39765664
b4/s-6771.png,90,121,39765664
b4/s-6777.png,151,170,39765664
b4/s-6778.png,138,246,39765664
b4/s-6791.png,112,108,39765664
b4/s-6792.png,154,189,39765664
b4/s-6793.png,164,173,39765664
b4/s-6809.png,130,230,39765664
b4/s-6810.png,156,1,39765664
b4/s-6814.png,58,35,39765664
b4/s-6815.png,121,19,39765664
b4/s-6816.png,124,132,39765664
b4/s-6817.png,52,159,39765664
b4/s-6818.png,0,226,39765664
b4/s-6828.png,117,98,39765664
b4/s-6829.png,94,42,39765664
b4/s-6830.png,140,144,39765664
b4/s-6836.png,51,240,39765664
b4/s-6837.png,64,3,39765664
b4/s-6843.png,90,31,39765664
b4/s-6844.png,90,137,39765664
b4/s-6845.png,164,70,39765664
b4/s-6846.png,121,148,39765664
b4/s-6847.png,234,210,39765664
b4/s-6872.png,74,50,39765664
b4/s-6873.png,154,57,39765664
b4/s-6897.png,143,189,39765664
b4/s-6898.png,236,242,39765664
b4/s-6921.png,234,156,39765664
b4/s-6922.png,119,57,39765664
b4/s-6923.png,171,148,39765664
b4/s-6936.png,155,215,39765664
b4/s-6937.png,250,246,39765664
b4/s-7002.png,212,184,39765664
b4/s-7003.png,213,106,39765664
b4/s-7043.png,108,149,39765664
b4/s-7044.png,206,15,39765664
b4/s-7045.png,222,149,39765664
b4/s-7100.png,15,29,39765664
b4/s-7101.png,69,42,39765664
b4/s-7107.png,108,58,39765664
b4/s-7108.png,81,213,39765664
b4/s-7131.png,156,46,39765664
b4/s-7132.png,243,24,39765664
b4/s-7133.png,211,7,39765664
b4/s-7154.png,216,168,39765664
b4/s-7155.png,37,176,39765664
b4/s-7198.png,78,24,39765664
b4/s-7199.png,66,150,39765664
b4/s-7200.png,62,81,39765664
b4/s-7203.png,236,21,39765664
b4/s-7204.png,204,115,39765664
b4/s-7208.png,241,98,39765664
b4/s-7209.png,250,232,39765664
b4/s-7235.png,84,139,39765664
b4/s-7236.png,114,169,39765664
b4/s-7245.png,112,86,39765664
b4/s-7246.png,14,47,39765664
b4/s-7284.png,123,158,39765664
b4/s-7285.png,27,227,39765664
b4/s-7286.png,150,37,39765664
b4/s-7287.png,214,249,39765664
b4/s-7288.png,20,124,39765664
b4/s-7384.png,167,255,39765664
b4/s-7385.png,95,43,39765664
b4/s-7399.png,199,95,39765664
b4/s-7400.png,75,224,39765664
b4/s-7436.png,201,82,39765664
b4/s-7437.png,236,153,39765664
b4/s-7441.png,36,155,39765664
b4/s-7442.png,251,100,39765664
b4/s-7487.png,139,83,39765664
b4/s-7488.png,48,112,39765664
b4/s-7489.png,167,170,39765664
b4/s-7502.png,227,50,39765664
b4/s-7503.png,114,97,39765664
b4/s-7504.png,147,101,39765664
b4/s-7505.png,90,209,39765664
b4/s-7506.png,42,207,39765664
b4/s-7529.png,175,206,39765664
b4/s-7530.png,169,237,39765664
b4/s-7558.png,41,226,39765664
b4/s-7559.png,51,73,39765664
b4/s-7560.png,38,249,39765664
b4/s-7585.png,165,171,39765664
b4/s-7586.png,156,97,39765664
b4/s-7587.png,241,194,39765664
b4/s-7607.png,78,26,39765664
b4/s-7608.png,201,227,39765664
b4/s-7619.png,62,252,39765664
b4/s-7620.png,93,98,39765664
b4/s-7621.png,39,223,39765664
b4/s-7668.png,216,120,39765664
b4/s-7669.png,60,9,39765664
b4/s-7670.png,122,66,39765664
b4/s-7671.png,47,108,39765664
b4/s-7672.png,26,244,39765664
b4/s-7685.png,113,23,39765664
b4/s-7686.png,214,218,39765664
b4/s-7687.png,57,61,39765664
b4/s-7725.png,50,70,39765664
b4/s-7726.png,154,186,39765664
b4/s-7742.png,178,73,39765664
b4/s-7743.png,132,205,39765664
b4/s-7788.png,193,224,39765664
b4/s-7789.png,99,96,39765664
b4/s-7835.png,4,212,39765664
b4/s-7836.png,101,184,39765664
b4/s-7862.png,208,77,39765664
b4/s-7863.png,136,26,39765664
b4/s-7864.png,68,19,39765664
b4/s-7865.png,213,13,39765664
b4/s-7866.png,199,191,39765664
b4/s-7874.png,1,89,39765664
b4/s-7875.png,112,43,39765664
b4/s-7889.png,21,235,39765664
b4/s-7890.png,192,136,39765664
b4/s-7899.png,221,135,39765664
b4/s-7900.png,26,130,39765664
b4/s-7909.png,156,256,39765664
b4/s-7910.png,233,4,39765664
b4/s-7965.png,183,206,39765664
b4/s-7966.png,169,76,39765664
b4/s-7970.png,152,71,39765664
b4/s-7971.png,173,213,39765664
b4/s-8058.png,234,136,39765664
b4/s-8059.png,19,64,39765664
b4/s-8060.png,48,58,39765664
b4/s-8075.png,140,68,39765664
b4/s-8076.png,149,139,39765664
b4/s-8077.png,216,200,39765664
b4/s-8112.png,3,35,39765664
b4/s-8113.png,59,23,39765664
b4/s-8119.png,158,66,39765664
b4/s-8120.png,54,192,39765664
b4/s-8121.png,36,113,39765664
b4/s-8124.png,135,29,39765664
b4/s-8125.png,112,235,39765664
b4/s-8126.png,55,47,39765664
b4/s-8129.png,224,41,39765664
b4/s-8130.png,101,216,39765664
b4/s-8131.png,86,115,39765664
b4/s-8139.png,144,7,39765664
b4/s-8140.png,134,215,39765664
b4/s-8141.png,46,49,39765664
b4/s-8188.png,95,97,39765664
b4/s-8189.png,117,72,39765664
b4/s-8190.png,168,232,39765664
b4/s-8198.png,170,164,39765664
b4/s-8199.png,249,41,39765664
b4/s-8230.png,56,176,39765664
b4/s-8231.png,36,179,39765664
b4/s-8259.png,89,28,39765664
b4/s-8260.png,111,102,39765664
b4/s-8261.png,163,99,39765664
b4/s-8262.png,92,212,39765664
b4/s-8263.png,249,195,39765664
b4/s-8305.png,132,106,39765664
b4/s-8306.png,183,12,39765664
b4/s-8307.png,81,10,39765664
b4/s-8330.png,231,252,39765664
b4/s-8331.png,246,156,39765664
b4/s-8347.png,129,128,39765664
b4/s-8348.png,29,227,39765664
b4/s-8349.png,111,129,39765664
b4/s-8352.png,252,215,39765664
b4/s-8353.png,244,92,39765664
b4/s-8354.png,151,103,39765664
b4/s-8355.png,198,137,39765664
b4/s-8356.png,195,87,39765664
b4/s-8372.png,95,119,39765664
b4/s-8373.png,44,63,39765664
b4/s-8384.png,41,80,39765664
b4/s-8385.png,52,48,39765664
b4/s-8389.png,68,182,39765664
b4/s-8390.png,2,223,39765664
b4/s-8398.png,156,60,39765664
b4/s-8399.png,170,167,39765664
b4/s-8400.png,141,189,39765664
b4/s-8455.png,169,28,39765664
b4/s-8456.png,245,218,39765664
b4/s-8457.png,208,15,39765664
b4/s-8507.png,61,248,39765664
b4/s-8508.png,17,122,39765664
b4/s-8509.png,150,49,39765664
b4/s-8510.png,101,206,39765664
b4/s-8511.png,130,67,39765664
b4/s-8512.png,68,215,39765664
b4/s-8513.png,88,150,39765664
b4/s-8514.png,13,223,39765664
b4/s-8520.png,196,241,39765664
b4/s-8521.png,202,146,39765664
b4/s-8547.png,98,61,39765664
b4/s-8548.png,226,61,39765664
b4/s-8554.png,239,154,39765664
b4/s-8555.png,207,101,39765664
b4/s-8561.png,141,43,39765664
b4/s-8562.png,27,135,39765664
b4/s-8563.png,48,238,39765664
b4/s-8566.png,145,70,39765664
b4/s-8567.png,145,197,39765664
b4/s-8590.png,172,93,39765664
b4/s-8591.png,17,218,39765664
b4/s-8592.png,6,186,39765664
b4/s-8605.png,139,49,39765664
b4/s-8606.png,192,52,39765664
b4/s-8607.png,2,112,39765664
b4/s-8613.png,221,90,39765664
b4/s-8614.png,20,195,39765664
b4/s-8633.png,241,3,39765664
b4/s-8634.png,86,178,39765664
b4/s-8645.png,160,239,39765664
b4/s-8646.png,42,159,39765664
b4/s-8652.png,204,32,39765664
b4/s-8653.png,226,91,39765664
b4/s-8654.png,7,54,39765664
b4/s-8660.png,211,233,39765664
b4/s-8661.png,186,173,39765664
b4/s-8679.png,95,101,39765664
b4/s-8680.png,103,59,39765664
b4/s-8681.png,42,140,39765664
b4/s-8687.png,96,8,39765664
b4/s-8688.png,24,187,39765664
b4/s-8694.png,6,32,39765664
b4/s-8695.png,57,184,39765664
b4/s-8696.png,163,248,39765664
b4/s-8701.png,125,104,39765664
b4/s-8702.png,211,38,39765664
b4/s-8703.png,228,99,39765664
b4/s-8709.png,91,52,39765664
b4/s-8710.png,169,112,39765664
b4/s-8765.png,149,64,39765664
b4/s-8766.png,231,126,39765664
b4/s-8794.png,113,14,39765664
b4/s-8795.png,143,139,39765664
b4/s-8796.png,173,243,39765664
b4/s-8806.png,122,75,39765664
b4/s-8807.png,127,14,39765664
b4/s-8808.png,146,18,39765664
b4/s-8809.png,56,178,39765664
b4/s-8810.png,94,227,39765664
b4/s-8836.png,134,229,39765664
b4/s-8837.png,113,193,39765664
b4/s-8841.png,86,37,39765664
b4/s-8842.png,150,80,39765664
b4/s-8843.png,31,161,39765664
b4/s-8844.png,228,183,39765664
b4/s-8845.png,197,184,39765664
b4/s-8848.png,67,194,39765664
b4/s-8849.png,94,52,39765664
b4/s-8850.png,116,21,39765664
b4/s-8851.png,243,127,39765664
b4/s-8852.png,229,93,39765664
b4/s-8863.png,105,123,39765664
b4/s-8864.png,108,204,39765664
b4/s-8868.png,192,233,39765664
b4/s-8869.png,77,121,39765664
b4/s-8986.png,83,122,39765664
b4/s-8987.png,60,135,39765664
b4/s-9047.png,230,122,39765664
b4/s-9048.png,143,59,39765664
b4/s-9054.png,166,25,39765664
b4/s-9055.png,132,47,39765664
b4/s-9056.png,9,42,39765664
b4/s-9066.png,142,30,39765664
b4/s-9067.png,193,38,39765664
b4/s-9068.png,200,137,39765664
b4/s-9071.png,168,81,39765664
b4/s-9072.png,96,2,39765664
b4/s-9073.png,85,48,39765664
b4/s-9093.png,177,184,39765664
b4/s-9094.png,117,215,39765664
b4/s-9103.png,251,71,39765664
b4/s-9104.png,172,214,39765664
b4/s-9124.png,112,28,39765664
b4/s-9125.png,34,136,39765664
b4/s-9126.png,168,3,39765664
b4/s-9139.png,41,179,39765664
b4/s-9140.png,110,116,39765664
b4/s-9141.png,28,123,39765664
b4/s-9149.png,86,69,39765664
b4/s-9150.png,8,173,39765664
b4/s-9161.png,174,44,39765664
b4/s-9162.png,206,130,39765664
b4/s-9163.png,245,125,39765664
b4/s-9201.png,133,214,39765664
b4/s-9202.png,237,126,39765664
b4/s-9223.png,43,43,39765664
b4/s-9224.png,32,213,39765664
b4/s-9257.png,202,12,39765664
b4/s-9258.png,88,101,39765664
b4/s-9259.png,35,206,39765664
b4/s-9321.png,169,143,39765664
b4/s-9322.png,121,79,39765664
b4/s-9367.png,54,13,39765664
b4/s-9368.png,10,72,39765664
b4/s-9369.png,233,118,39765664
b4/s-9397.png,250,157,39765664
b4/s-9398.png,153,209,39765664
b4/s-9419.png,169,217,39765664
b4/s-9420.png,220,8,39765664
b4/s-9428.png,131,52,39765664
b4/s-9429.png,142,248,39765664
b4/s-9430.png,17,46,39765664
b4/s-9438.png,142,77,39765664
b4/s-9439.png,157,55,39765664
b4/s-9440.png,23,78,39765664
b4/s-9451.png,218,24,39765664
b4/s-9452.png,153,218,39765664
b4/s-9492.png,30,252,39765664
b4/s-9493.png,232,64,39765664
b4/s-9494.png,39,166,39765664
b4/s-9497.png,13,62,39765664
b4/s-9498.png,36,242,39765664
b4/s-9507.png,16,199,39765664
b4/s-9508.png,86,163,39765664
b4/s-9548.png,114,86,39765664
b4/s-9549.png,91,56,39765664
b4/s-9550.png,1,54,39765664
b4/s-9576.png,106,250,39765664
b4/s-9577.png,130,245,39765664
b4/s-9581.png,145,70,39765664
b4/s-9582.png,241,179,39765664
b4/s-9590.png,43,35,39765664
b4/s-9591.png,75,105,39765664
b4/s-9592.png,101,225,39765664
b4/s-9598.png,219,218,39765664
b4/s-9599.png,113,132,39765664
b4/s-9627.png,208,81,39765664
b4/s-9628.png,122,99,39765664
b4/s-9629.png,187,7,39765664
b4/s-9630.png,151,168,39765664
b4/s-9631.png,52,73,39765664
b4/s-9649.png,83,154,39765664
b4/s-9650.png,179,66,39765664
b4/s-9654.png,207,38,39765664
b4/s-9655.png,212,180,39765664
b4/s-9666.png,142,49,39765664
b4/s-9667.png,125,31,39765664
b4/s-9668.png,90,110,39765664
b4/s-9669.png,8,218,39765664
b4/s-9670.png,194,103,39765664
b4/s-9674.png,25,245,39765664
b4/s-9675.png,162,241,39765664
b4/s-9698.png,221,126,39765664
b4/s-9699.png,226,54,39765664
b4/s-9700.png,29,155,39765664
b4/s-9703.png,57,77,39765664
b4/s-9704.png,191,126,39765664
b4/s-9757.png,4,147,39765664
b4/s-9758.png,186,180,39765664
b4/s-9759.png,202,58,39765664
b4/s-9767.png,238,81,39765664
b4/s-9768.png,201,109,39765664
b4/s-9809.png,215,75,39765664
b4/s-9810.png,98,106,39765664
b4/s-9843.png,173,112,39765664
b4/s-9844.png,157,168,39765664
b4/s-9845.png,74,126,39765664
b4/s-9853.png,168,38,39765664
b4/s-9854.png,221,66,39765664
b4/s-9855.png,192,233,39765664
b4/s-9863.png,41,193,39765664
b4/s-9864.png,15,85,39765664
b4/s-9909.png,154,51,39765664
b4/s-9910.png,1,251,39765664
b4/s-9911.png,154,120,39765664
b4/s-9922.png,113,189,39765664
b4/s-9923.png,69,31,39765664
b4/s-9990.png,130,43,39765664
b4/s-9991.png,105,159,39765664
b4/s-9992.png,152,156,39765664
b4/s-10045.png,254,148,39765664
b4/s-10046.png,11,18,39765664
b4/s-10064.png,99,103,39765664
b4/s-10065.png,85,121,39765664
b4/s-10066.png,66,190,39765664
b4/s-10069.png,89,80,39765664
b4/s-10070.png,171,118,39765664
b4/s-10071.png,28,237,39765664
b4/s-10106.png,93,182,39765664
b4/s-10107.png,204,115,39765664
b4/s-10108.png,129,210,39765664
b4/s-10121.png,57,33,39765664
b4/s-10122.png,125,213,39765664
b4/s-10126.png,120,46,39765664
b4/s-10127.png,121,48,39765664
b4/s-10128.png,146,31,39765664
b4/s-10129.png,205,232,39765664
b4/s-10130.png,37,255,39765664
b4/s-10141.png,193,38,39765664
b4/s-10142.png,224,218,39765664
b4/s-10165.png,95,91,39765664
b4/s-10166.png,98,196,39765664
b4/s-10167.png,172,94,39765664
b4/s-10168.png,106,17,39765664
b4/s-10169.png,22,182,39765664
b4/s-10190.png,126,46,39765664
b4/s-10191.png,244,31,39765664
b4/s-10212.png,140,80,39765664
b4/s-10213.png,239,223,39765664
b4/s-10214.png,48,3,39765664
b4/s-10264.png,42,206,39765664
b4/s-10265.png,70,250,39765664
b4/s-10276.png,139,25,39765664
b4/s-10277.png,124,203,39765664
b4/s-10278.png,240,156,39765664
b4/s-10284.png,188,34,39765664
b4/s-10285.png,47,172,39765664
b4/s-10291.png,115,187,39765664
b4/s-10292.png,33,28,39765664
b4/s-10293.png,68,159,39765664
b4/s-10301.png,248,104,39765664
b4/s-10302.png,248,136,39765664
b4/s-10303.png,112,216,39765664
b4/s-10306.png,179,23,39765664
b4/s-10307.png,13,199,39765664
b4/s-10330.png,113,31,39765664
b4/s-10331.png,227,53,39765664
b4/s-10332.png,133,77,39765664
b4/s-10333.png,191,229,39765664
b4/s-10334.png,120,35,39765664
b4/s-10340.png,118,67,39765664
b4/s-10341.png,80,46,39765664
b4/s-10342.png,14,32,39765664
b4/s-10348.png,154,250,39765664
b4/s-10349.png,136,70,39765664
b4/s-10350.png,167,165,39765664
b4/s-10351.png,44,172,39765664
b4/s-10396.png,146,50,39765664
b4/s-10397.png,78,63,39765664
b4/s-10398.png,171,139,39765664
b4/s-10411.png,148,38,39765664
b4/s-10412.png,122,109,39765664
b4/s-10413.png,150,35,39765664
b4/s-10414.png,1,221,39765664
b4/s-10415.png,154,108,39765664
b4/s-10419.png,138,205,39765664
b4/s-10420.png,60,62,39765664
b4/s-10431.png,80,113,39765664
b4/s-10432.png,227,38,39765664
b4/s-10453.png,230,130,39765664
b4/s-10454.png,26,9,39765664
b4/s-10463.png,99,134,39765664
b4/s-10464.png,10,202,39765664
b4/s-10531.png,128,66,39765664
b4/s-10532.png,249,113,39765664
b4/s-10538.png,142,215,39765664
b4/s-10539.png,200,41,39765664
b4/s-10540.png,228,210,39765664
b4/s-10583.png,225,232,39765664
b4/s-10584.png,237,93,39765664
b4/s-10602.png,183,53,39765664
b4/s-10603.png,65,180,39765664
b4/s-10604.png,67,198,39765664
b4/s-10637.png,228,77,39765664
b4/s-10638.png,107,70,39765664
b4/s-10659.png,117,92,39765664
b4/s-10660.png,88,79,39765664
b4/s-10661.png,44,130,39765664
b4/s-10662.png,103,58,39765664
b4/s-10668.png,124,85,39765664
b4/s-10669.png,136,253,39765664
b4/s-10670.png,203,79,39765664
b4/s-10688.png,100,90,39765664
b4/s-10689.png,228,100,39765664
b4/s-10690.png,100,240,39765664
b4/s-10710.png,120,78,39765664
b4/s-10711.png,81,203,39765664
b4/s-10712.png,173,68,39765664
b4/s-10713.png,245,26,39765664
b4/s-10714.png,221,221,39765664
b4/s-10740.png,29,116,39765664
b4/s-10741.png,192,9,39765664
b4/s-10749.png,149,107,39765664
b4/s-10750.png,62,35,39765664
b4/s-10751.png,124,84,39765664
b4/s-10752.png,71,78,39765664
b4/s-10753.png,253,112,39765664
b4/s-10766.png,159,102,39765664
b4/s-10767.png,179,51,39765664
b4/s-10768.png,165,210,39765664
b4/s-10786.png,127,210,39765664
b4/s-10787.png,247,214,39765664
b4/s-10833.png,120,33,39765664
b4/s-10834.png,82,7,39765664
b4/s-10872.png,216,205,39765664
b4/s-10873.png,239,249,39765664
b4/s-10896.png,102,90,39765664
b4/s-10897.png,2,206,39765664
b4/s-10898.png,83,156,39765664
b4/s-10904.png,229,64,39765664
b4/s-10905.png,26,165,39765664
b4/s-10911.png,155,212,39765664
b4/s-10912.png,124,182,39765664
b4/s-10913.png,254,137,39765664
b4/s-10929.png,136,255,39765664
b4/s-10930.png,105,164,39765664
b4/s-10951.png,208,239,39765664
b4/s-10952.png,186,70,39765664
b4/s-10955.png,145,32,39765664
b4/s-10956.png,168,129,39765664
b4/s-10957.png,203,162,39765664
b4/s-10965.png,93,82,39765664
b4/s-10966.png,106,180,39765664
b4/s-10967.png,27,90,39765664
b4/s-10970.png,145,105,39765664
b4/s-10971.png,13,166,39765664
b4/s-10972.png,191,173,39765664
b4/s-10985.png,190,191,39765664
b4/s-10986.png,16,69,39765664
b4/s-10990.png,178,43,39765664
b4/s-10991.png,167,182,39765664
b4/s-11002.png,205,69,39765664
b4/s-11003.png,119,10,39765664
b4/s-11004.png,136,63,39765664
b4/s-11005.png,241,99,39765664
b4/s-11006.png,48,160,39765664
b4/s-11010.png,82,67,39765664
b4/s-11011.png,239,58,39765664
b4/s-11027.png,189,228,39765664
b4/s-11028.png,60,29,39765664
b4/s-11029.png,206,68,39765664
b4/s-11044.png,191,94,39765664
b4/s-11045.png,171,101,39765664
b4/s-11046.png,116,255,39765664
b4/s-11064.png,157,198,39765664
b4/s-11065.png,135,217,39765664
b4/s-11108.png,67,214,39765664
b4/s-11109.png,28,123,39765664
b4/s-11110.png,135,105,39765664
b4/s-11111.png,222,210,39765664
b4/s-11112.png,13,203,39765664
b4/s-11116.png,244,33,39765664
b4/s-11117.png,113,165,39765664
b4/s-11143.png,149,107,39765664
b4/s-11144.png,249,79,39765664
b4/s-11172.png,165,51,39765664
b4/s-11173.png,10,218,39765664
b4/s-11174.png,202,113,39765664
b4/s-11202.png,122,172,39765664
b4/s-11203.png,98,150,39765664
b4/s-11254.png,134,95,39765664
b4/s-11255.png,55,111,39765664
b4/s-11268.png,171,72,39765664
b4/s-11269.png,250,166,39765664
b4/s-11270.png,71,193,39765664
b4/s-11286.png,159,206,39765664
b4/s-11287.png,148,29,39765664
b4/s-11288.png,17,111,39765664
b4/s-11289.png,178,137,39765664
b4/s-11303.png,100,234,39765664
b4/s-11304.png,160,246,39765664
b4/s-11310.png,114,132,39765664
b4/s-11311.png,13,245,39765664
b4/s-11342.png,57,56,39765664
b4/s-11343.png,150,8,39765664
b4/s-11373.png,120,26,39765664
b4/s-11374.png,227,107,39765664
b4/s-11375.png,75,242,39765664
b4/s-11398.png,188,60,39765664
b4/s-11399.png,220,85,39765664
b4/s-11425.png,198,194,39765664
b4/s-11426.png,134,33,39765664
b4/s-11427.png,87,131,39765664
b4/s-11428.png,182,99,39765664
b4/s-11429.png,95,132,39765664
b4/s-11435.png,238,176,39765664
b4/s-11436.png,75,61,39765664
b4/s-11482.png,240,62,39765664
b4/s-11483.png,114,33,39765664
b4/s-11513.png,12,90,39765664
b4/s-11514.png,79,135,39765664
b4/s-11515.png,71,220,39765664
b4/s-11523.png,22,1,39765664
b4/s-11524.png,184,235,39765664
b4/s-11549.png,21,133,39765664
b4/s-11550.png,104,215,39765664
b4/s-11559.png,74,17,39765664
b4/s-11560.png,208,119,39765664
b4/s-11586.png,223,8,39765664
b4/s-11587.png,96,33,39765664
b4/s-11591.png,53,17,39765664
b4/s-11592.png,211,124,39765664
b4/s-11596.png,143,253,39765664
b4/s-11597.png,1,146,39765664
b4/s-11628.png,191,160,39765664
b4/s-11629.png,169,22,39765664
b4/s-11630.png,144,237,39765664
b4/s-11631.png,112,26,39765664
b4/s-11704.png,74,236,39765664
b4/s-11705.png,94,9,39765664
b4/s-11728.png,101,179,39765664
b4/s-11729.png,29,150,39765664
b4/s-11730.png,78,21,39765664
b4/s-11738.png,41,179,39765664
b4/s-11739.png,38,233,39765664
b4/s-11753.png,246,221,39765664
b4/s-11754.png,129,209,39765664
b4/s-11784.png,95,92,39765664
b4/s-11785.png,122,236,39765664
b4/s-11786.png,173,197,39765664
b4/s-11803.png,138,19,39765664
b4/s-11804.png,18,129,39765664
b4/s-11805.png,109,42,39765664
b4/s-11806.png,230,31,39765664
b4/s-11807.png,212,73,39765664
b4/s-11862.png,91,211,39765664
b4/s-11863.png,22,176,39765664
b4/s-11884.png,58,150,39765664
b4/s-11885.png,9,225,39765664
b4/s-11886.png,0,10,39765664
b4/s-11894.png,234,59,39765664
b4/s-11895.png,65,166,39765664
b4/s-11938.png,93,111,39765664
b4/s-11939.png,128,248,39765664
b4/s-11940.png,41,76,39765664
b4/s-11963.png,213,120,39765664
b4/s-11964.png,137,1,39765664
b4/s-11982.png,124,70,39765664
b4/s-11983.png,164,25,39765664
b4/s-11984.png,34,58,39765664
b4/s-12004.png,173,34,39765664
b4/s-12005.png,192,17,39765664
b4/s-12006.png,175,221,39765664
b4/s-12027.png,58,67,39765664
b4/s-12028.png,66,227,39765664
b4/s-12073.png,220,93,39765664
b4/s-12074.png,154,58,39765664
b4/s-12075.png,88,49,39765664
b4/s-12076.png,241,121,39765664
b4/s-12077.png,40,151,39765664
b4/s-12100.png,219,91,39765664
b4/s-12101.png,214,38,39765664
b4/s-12127.png,227,1,39765664
b4/s-12128.png,167,44,39765664
b4/s-12176.png,104,191,39765664
b4/s-12177.png,113,105,39765664
b4/s-12196.png,205,52,39765664
b4/s-12197.png,32,64,39765664
b4/s-12213.png,37,98,39765664
b4/s-12214.png,117,172,39765664
b4/s-12220.png,50,168,39765664
b4/s-12221.png,202,37,39765664
b4/s-12222.png,106,57,39765664
b4/s-12223.png,190,30,39765664
b4/s-12224.png,54,69,39765664
b4/s-12243.png,91,200,39765664
b4/s-12244.png,152,111,39765664
b4/s-12245.png,158,59,39765664
b4/s-12246.png,117,156,39765664
b4/s-12247.png,118,56,39765664
b4/s-12248.png,106,26,39765664
b4/s-12249.png,225,255,39765664
b4/s-12255.png,86,62,39765664
b4/s-12256.png,219,27,39765664
b4/s-12292.png,144,149,39765664
b4/s-12293.png,226,120,39765664
b4/s-12297.png,213,64,39765664
b4/s-12298.png,159,118,39765664
b4/s-12319.png,81,174,39765664
b4/s-12320.png,241,256,39765664
b4/s-12341.png,125,65,39765664
b4/s-12342.png,131,73,39765664
b4/s-12368.png,42,229,39765664
b4/s-12369.png,159,171,39765664
b4/s-12375.png,152,189,39765664
b4/s-12376.png,113,254,39765664
b4/s-12377.png,138,88,39765664
b4/s-12378.png,148,13,39765664
b4/s-12379.png,204,166,39765664
b4/s-12385.png,72,214,39765664
b4/s-12386.png,125,255,39765664
b4/s-12446.png,59,124,39765664
b4/s-12447.png,1,139,39765664
b4/s-12448.png,127,203,39765664
b4/s-12463.png,148,31,39765664
b4/s-12464.png,208,187,39765664
b4/s-12465.png,228,62,39765664
b4/s-12473.png,122,200,39765664
b4/s-12474.png,125,64,39765664
b4/s-12475.png,121,125,39765664
b4/s-12481.png,202,186,39765664
b4/s-12482.png,104,180,39765664
b4/s-12513.png,154,176,39765664
b4/s-12514.png,70,35,39765664
b4/s-12520.png,164,78,39765664
b4/s-12521.png,196,5,39765664
b4/s-12522.png,158,100,39765664
b4/s-12567.png,138,132,39765664
b4/s-12568.png,241,179,39765664
b4/s-12596.png,226,144,39765664
b4/s-12597.png,64,73,39765664
b4/s-12598.png,175,152,39765664
b4/s-12652.png,139,100,39765664
b4/s-12653.png,54,131,39765664
b4/s-12654.png,80,73,39765664
b4/s-12660.png,64,197,39765664
b4/s-12661.png,22,132,39765664
b4/s-12689.png,153,22,39765664
b4/s-12690.png,204,137,39765664
b4/s-12691.png,245,1,39765664
b4/s-12702.png,46,1,39765664
b4/s-12703.png,48,164,39765664
b4/s-12758.png,215,247,39765664
b4/s-12759.png,78,40,39765664
b4/s-12768.png,202,92,39765664
b4/s-12769.png,208,94,39765664
b4/s-12778.png,115,199,39765664
b4/s-12779.png,49,47,39765664
b4/s-12797.png,179,252,39765664
b4/s-12798.png,135,56,39765664
b4/s-12799.png,107,130,39765664
b4/s-12851.png,75,163,39765664
b4/s-12852.png,216,181,39765664
b4/s-12875.png,0,47,39765664
b4/s-12876.png,165,29,39765664
b4/s-12882.png,167,44,39765664
b4/s-12883.png,77,116,39765664
b4/s-12884.png,243,194,39765664
b4/s-12887.png,191,255,39765664
b4/s-12888.png,194,215,39765664
b4/s-12889.png,71,232,39765664
b4/s-12909.png,119,107,39765664
b4/s-12910.png,242,163,39765664
b4/s-12911.png,229,225,39765664
b4/s-12947.png,238,166,39765664
b4/s-12948.png,53,194,39765664
b4/s-12981.png,89,150,39765664
b4/s-12982.png,48,142,39765664
b4/s-13027.png,168,13,39765664
b4/s-13028.png,229,94,39765664
b4/s-13029.png,107,185,39765664
b4/s-13042.png,158,24,39765664
b4/s-13043.png,196,52,39765664
b4/s-13044.png,210,194,39765664
b4/s-13065.png,170,61,39765664
b4/s-13066.png,85,0,39765664
b4/s-13072.png,157,97,39765664
b4/s-13073.png,79,227,39765664
b4/s-13074.png,210,209,39765664
b4/s-13087.png,142,106,39765664
b4/s-13088.png,201,215,39765664
b4/s-13109.png,83,207,39765664
b4/s-13110.png,61,101,39765664
b4/s-13116.png,161,105,39765664
b4/s-13117.png,231,53,39765664
b4/s-13118.png,172,116,39765664
b4/s-13146.png,120,217,39765664
b4/s-13147.png,144,33,39765664
b4/s-13148.png,133,38,39765664
b4/s-13149.png,99,70,39765664
b4/s-13150.png,134,102,39765664
b4/s-13151.png,157,222,39765664
b4/s-13152.png,136,247,39765664
b4/s-13156.png,155,154,39765664
b4/s-13157.png,206,112,39765664
b4/s-13177.png,147,229,39765664
b4/s-13178.png,51,224,39765664
b4/s-13199.png,103,32,39765664
b4/s-13200.png,171,243,39765664
b4/s-13219.png,40,137,39765664
b4/s-13220.png,246,13,39765664
b4/s-13236.png,98,101,39765664
b4/s-13237.png,110,178,39765664
b4/s-13246.png,145,152,39765664
b4/s-13247.png,246,130,39765664
b4/s-13268.png,72,80,39765664
b4/s-13269.png,248,182,39765664
b4/s-13278.png,254,246,39765664
b4/s-13279.png,17,194,39765664
b4/s-13287.png,168,107,39765664
b4/s-13288.png,8,111,39765664
b4/s-13289.png,50,116,39765664
b4/s-13309.png,151,28,39765664
b4/s-13310.png,179,104,39765664
b4/s-13311.png,67,163,39765664
b4/s-13351.png,159,253,39765664
b4/s-13352.png,156,95,39765664
b4/s-13353.png,38,113,39765664
b4/s-13368.png,91,15,39765664
b4/s-13369.png,71,165,39765664
b4/s-13370.png,3,255,39765664
b4/s-13408.png,19,147,39765664
b4/s-13409.png,241,214,39765664
b4/s-13425.png,106,192,39765664
b4/s-13426.png,48,78,39765664
b4/s-13455.png,115,181,39765664
b4/s-13456.png,41,116,39765664
b4/s-13462.png,205,161,39765664
b4/s-13463.png,28,90,39765664
b4/s-13482.png,253,220,39765664
b4/s-13483.png,123,247,39765664
b4/s-13494.png,163,111,39765664
b4/s-13495.png,28,207,39765664
b4/s-13536.png,46,84,39765664
b4/s-13537.png,176,56,39765664
b4/s-13543.png,219,158,39765664
b4/s-13544.png,153,100,39765664
b4/s-13607.png,207,78,39765664
b4/s-13608.png,210,115,39765664
b4/s-13624.png,37,1,39765664
b4/s-13625.png,254,102,39765664
b4/s-13639.png,156,56,39765664
b4/s-13640.png,14,175,39765664
b4/s-13658.png,152,82,39765664
b4/s-13659.png,126,237,39765664
b4/s-13660.png,108,244,39765664
b4/s-13688.png,123,142,39765664
b4/s-13689.png,147,94,39765664
b4/s-13690.png,50,34,39765664
b4/s-13691.png,178,210,39765664
b4/s-13692.png,88,249,39765664
b4/s-13702.png,119,58,39765664
b4/s-13703.png,125,10,39765664
b4/s-13704.png,249,71,39765664
b4/s-13724.png,157,24,39765664
b4/s-13725.png,117,41,39765664
b4/s-13726.png,105,248,39765664
b4/s-13729.png,135,65,39765664
b4/s-13730.png,70,100,39765664
b4/s-13731.png,139,184,39765664
b4/s-13754.png,171,163,39765664
b4/s-13755.png,132,160,39765664
b4/s-13786.png,189,160,39765664
b4/s-13787.png,204,179,39765664
b4/s-13793.png,136,85,39765664
b4/s-13794.png,192,78,39765664
b4/s-13795.png,181,230,39765664
b4/s-13870.png,183,253,39765664
b4/s-13871.png,226,93,39765664
b4/s-13896.png,143,98,39765664
b4/s-13897.png,122,143,39765664
b4/s-13898.png,161,195,39765664
b4/s-13933.png,99,37,39765664
b4/s-13934.png,145,27,39765664
b4/s-13935.png,122,146,39765664
b4/s-13975.png,227,107,39765664
b4/s-13976.png,69,124,39765664
b4/s-13987.png,149,60,39765664
b4/s-13988.png,223,19,39765664
b4/s-13989.png,101,221,39765664
b4/s-14000.png,51,115,39765664
b4/s-14001.png,58,117,39765664
b4/s-14005.png,33,33,39765664
b4/s-14006.png,15,55,39765664
b4/s-14024.png,141,181,39765664
b4/s-14025.png,232,181,39765664
b4/s-14026.png,23,35,39765664
b4/s-14071.png,6,73,39765664
b4/s-14072.png,189,245,39765664
b4/s-14073.png,141,32,39765664
b4/s-14074.png,69,72,39765664
b4/s-14075.png,103,17,39765664
b4/s-14076.png,216,94,39765664
b4/s-14077.png,135,194,39765664
b4/s-14083.png,239,93,39765664
b4/s-14084.png,59,197,39765664
b4/s-14085.png,111,173,39765664
b4/s-14105.png,120,111,39765664
b4/s-14106.png,52,26,39765664
b4/s-14107.png,50,39,39765664
b4/s-14113.png,180,199,39765664
b4/s-14114.png,24,20,39765664
b4/s-14123.png,216,233,39765664
b4/s-14124.png,102,225,39765664
b4/s-14135.png,39,234,39765664
b4/s-14136.png,136,129,39765664
b4/s-14142.png,106,31,39765664
b4/s-14143.png,190,50,39765664
b4/s-14144.png,252,7,39765664
b4/s-14150.png,216,175,39765664
b4/s-14151.png,5,171,39765664
b4/s-14209.png,183,200,39765664
b4/s-14210.png,53,100,39765664
b4/s-14216.png,153,154,39765664
b4/s-14217.png,246,30,39765664
b4/s-14218.png,163,123,39765664
b4/s-14246.png,82,244,39765664
b4/s-14247.png,191,39,39765664
b4/s-14268.png,230,2,39765664
b4/s-14269.png,161,43,39765664
b4/s-14270.png,6,131,39765664
b4/s-14271.png,193,16,39765664
b4/s-14363.png,101,231,39765664
b4/s-14364.png,186,90,39765664
b4/s-14365.png,189,79,39765664
b4/s-14368.png,47,192,39765664
b4/s-14369.png,52,30,39765664
b4/s-14370.png,144,75,39765664
b4/s-14371.png,146,252,39765664
b4/s-14372.png,92,75,39765664
b4/s-14373.png,10,173,39765664
b4/s-14374.png,89,235,39765664
b4/s-14420.png,188,140,39765664
b4/s-14421.png,57,140,39765664
b4/s-14435.png,216,100,39765664
b4/s-14436.png,82,102,39765664
b4/s-14509.png,78,33,39765664
b4/s-14510.png,140,172,39765664
b4/s-14516.png,192,212,39765664
b4/s-14517.png,112,201,39765664
b4/s-14521.png,249,77,39765664
b4/s-14522.png,24,186,39765664
b4/s-14523.png,71,241,39765664
b4/s-14526.png,133,31,39765664
b4/s-14530.png,114,198,39765664
b4/s-14531.png,176,58,39765664
b4/s-14574.png,107,35,39765664
b4/s-14575.png,235,66,39765664
b4/s-14603.png,124,60,39765664
b4/s-14604.png,236,89,39765664
b4/s-14605.png,136,53,39765664
b4/s-14606.png,124,91,39765664
b4/s-14607.png,14,157,39765664
b4/s-14611.png,110,25,39765664
b4/s-14612.png,162,127,39765664
b4/s-14616.png,176,78,39765664
b4/s-14617.png,85,151,39765664
b4/s-14677.png,39,127,39765664
b4/s-14678.png,229,19,39765664
b4/s-14686.png,126,16,39765664
b4/s-14687.png,65,232,39765664
b4/s-14688.png,181,136,39765664
b4/s-14728.png,108,28,39765664
b4/s-14729.png,67,67,39765664
b4/s-14730.png,21,170,39765664
b4/s-14741.png,90,197,39765664
b4/s-14742.png,252,250,39765664
b4/s-14772.png,160,77,39765664
b4/s-14773.png,82,12,39765664
b4/s-14774.png,4,74,39765664
b4/s-14823.png,58,21,39765664
b4/s-14824.png,30,154,39765664
b4/s-14872.png,56,119,39765664
b4/s-14873.png,245,228,39765664
b4/s-14884.png,76,217,39765664
b4/s-14885.png,127,32,39765664
b4/s-14913.png,119,75,39765664
b4/s-14914.png,13,45,39765664
b4/s-14915.png,86,173,39765664
b4/s-14948.png,252,63,39765664
b4/s-14949.png,16,128,39765664
b4/s-14960.png,46,53,39765664
b4/s-14961.png,57,88,39765664
b4/s-14962.png,225,130,39765664
b4/s-14982.png,171,62,39765664
b4/s-14983.png,3,32,39765664
b4/s-14984.png,72,252,39765664
b4/s-15012.png,186,165,39765664
b4/s-15013.png,254,229,39765664
b4/s-15014.png,204,24,39765664
b4/s-15027.png,74,81,39765664
b4/s-15028.png,201,99,39765664
b4/s-15036.png,119,104,39765664
b4/s-15037.png,157,53,39765664
b4/s-15038.png,182,211,39765664
b4/s-15058.png,157,246,39765664
b4/s-15059.png,81,4,39765664
b4/s-15082.png,87,101,39765664
b4/s-15083.png,47,121,39765664
b4/s-15084.png,241,16,39765664
b4/s-15092.png,141,252,39765664
b4/s-15093.png,95,254,39765664
b4/s-15094.png,107,163,39765664
b4/s-15156.png,93,4,39765664
b4/s-15157.png,35,80,39765664
b4/s-15202.png,117,85,39765664
b4/s-15203.png,147,46,39765664
b4/s-15204.png,85,87,39765664
b4/s-15205.png,253,221,39765664
b4/s-15206.png,238,32,39765664
b4/s-15242.png,234,107,39765664
b4/s-15243.png,217,117,39765664
b4/s-15271.png,81,176,39765664
b4/s-15272.png,134,73,39765664
b4/s-15273.png,167,45,39765664
b4/s-15281.png,89,27,39765664
b4/s-15282.png,98,173,39765664
b4/s-15288.png,43,54,39765664
b4/s-15289.png,163,16,39765664
b4/s-15290.png,21,163,39765664
b4/s-15296.png,205,91,39765664
b4/s-15297.png,101,196,39765664
b4/s-15330.png,68,16,39765664
b4/s-15331.png,54,73,39765664
b4/s-15335.png,49,162,39765664
b4/s-15336.png,239,254,39765664
b4/s-15340.png,69,171,39765664
b4/s-15341.png,236,1,39765664
b4/s-15350.png,175,49,39765664
b4/s-15351.png,152,28,39765664
b4/s-15352.png,224,245,39765664
b4/s-15353.png,65,217,39765664
b4/s-15372.png,9,141,39765664
b4/s-15373.png,240,172,39765664
b4/s-15377.png,25,34,39765664
b4/s-15378.png,211,246,39765664
b4/s-15384.png,239,214,39765664
b4/s-15385.png,123,206,39765664
b4/s-15389.png,32,37,39765664
b4/s-15390.png,106,100,39765664
b4/s-15391.png,122,81,39765664
b4/s-15392.png,159,173,39765664
b4/s-15393.png,22,211,39765664
b4/s-15404.png,132,178,39765664
b4/s-15405.png,94,81,39765664
b4/s-15406.png,227,72,39765664
b4/s-15407.png,10,202,39765664
b4/s-15408.png,126,189,39765664
b4/s-15414.png,232,220,39765664
b4/s-15415.png,89,164,39765664
b4/s-15426.png,208,256,39765664
b4/s-15427.png,195,168,39765664
b4/s-15455.png,7,136,39765664
b4/s-15456.png,14,232,39765664
b4/s-15457.png,90,192,39765664
b4/s-15470.png,127,149,39765664
b4/s-15471.png,239,173,39765664
b4/s-15477.png,107,58,39765664
b4/s-15478.png,143,95,39765664
b4/s-15479.png,239,3,39765664
b4/s-15512.png,44,45,39765664
b4/s-15513.png,11,96,39765664
b4/s-15519.png,216,74,39765664
b4/s-15520.png,214,54,39765664
b4/s-15521.png,70,204,39765664
b4/s-15576.png,31,68,39765664
b4/s-15577.png,219,0,39765664
b4/s-15605.png,65,163,39765664
b4/s-15606.png,140,30,39765664
b4/s-15607.png,168,13,39765664
b4/s-15608.png,104,33,39765664
b4/s-15609.png,64,145,39765664
b4/s-15644.png,204,178,39765664
b4/s-15645.png,59,164,39765664
b4/s-15646.png,85,240,39765664
b4/s-15708.png,146,190,39765664
b4/s-15709.png,155,40,39765664
b4/s-15710.png,173,89,39765664
b4/s-15711.png,22,2,39765664
b4/s-15712.png,84,192,39765664
b4/s-15718.png,56,102,39765664
b4/s-15719.png,197,185,39765664
b4/s-15720.png,76,248,39765664
b4/s-15772.png,217,158,39765664
b4/s-15773.png,57,159,39765664
b4/s-15774.png,50,246,39765664
b4/s-15789.png,145,48,39765664
b4/s-15790.png,33,38,39765664
b4/s-15791.png,36,6,39765664
b4/s-15802.png,92,44,39765664
b4/s-15803.png,101,250,39765664
b4/s-15814.png,213,203,39765664
b4/s-15815.png,242,193,39765664
b4/s-15826.png,170,31,39765664
b4/s-15827.png,245,236,39765664
b4/s-15828.png,137,212,39765664
b4/s-15846.png,232,44,39765664
b4/s-15847.png,101,154,39765664
b4/s-15866.png,231,158,39765664
b4/s-15867.png,158,45,39765664
b4/s-15868.png,188,80,39765664
b4/s-15869.png,64,203,39765664
b4/s-15870.png,147,196,39765664
b4/s-15875.png,162,49,39765664
b4/s-15876.png,174,164,39765664
b4/s-15877.png,238,213,39765664
b4/s-15883.png,193,231,39765664
b4/s-15884.png,64,55,39765664
b4/s-15922.png,93,122,39765664
b4/s-15923.png,211,196,39765664
b4/s-15924.png,134,76,39765664
b4/s-15925.png,241,98,39765664
b4/s-15926.png,171,54,39765664
b4/s-15927.png,187,200,39765664
b4/s-15928.png,115,28,39765664
b4/s-15929.png,143,89,39765664
b4/s-15930.png,202,216,39765664
b4/s-15931.png,200,121,39765664
b4/s-15969.png,65,9,39765664
b4/s-15970.png,159,158,39765664
b4/s-15981.png,142,82,39765664
b4/s-15982.png,65,236,39765664
b4/s-15983.png,221,241,39765664
b4/s-16006.png,122,127,39765664
b4/s-16007.png,59,168,39765664
b4/s-16008.png,14,0,39765664
b4/s-16028.png,97,79,39765664
b4/s-16029.png,144,90,39765664
b4/s-16030.png,147,150,39765664
b4/s-16033.png,156,37,39765664
b4/s-16034.png,60,202,39765664
b4/s-16035.png,91,148,39765664
b4/s-16072.png,137,21,39765664
b4/s-16073.png,9,163,39765664
b4/s-16074.png,27,139,39765664
b4/s-16080.png,159,103,39765664
b4/s-16081.png,110,28,39765664
b4/s-16082.png,248,157,39765664
b4/s-16083.png,120,44,39765664
b4/s-16084.png,125,110,39765664
b4/s-16085.png,145,172,39765664
b4/s-16086.png,98,247,39765664
b4/s-16102.png,89,53,39765664
b4/s-16103.png,152,149,39765664
b4/s-16124.png,149,209,39765664
b4/s-16125.png,224,194,39765664
b4/s-16126.png,134,214,39765664
b4/s-16149.png,204,213,39765664
b4/s-16150.png,109,39,39765664
b4/s-16151.png,126,28,39765664
b4/s-16152.png,251,7,39765664
b4/s-16153.png,178,85,39765664
b4/s-16166.png,238,78,39765664
b4/s-16167.png,38,207,39765664
b4/s-16168.png,144,170,39765664
b4/s-16171.png,98,215,39765664
b4/s-16172.png,166,99,39765664
b4/s-16173.png,10,84,39765664
b4/s-16176.png,217,80,39765664
b4/s-16177.png,156,42,39765664
b4/s-16215.png,88,109,39765664
b4/s-16216.png,200,132,39765664
b4/s-16217.png,5,123,39765664
b4/s-16240.png,41,174,39765664
b4/s-16241.png,72,124,39765664
b4/s-16242.png,186,233,39765664
b4/s-16252.png,99,58,39765664
b4/s-16253.png,29,181,39765664
b4/s-16254.png,44,109,39765664
b4/s-16257.png,66,109,39765664
b4/s-16258.png,110,148,39765664
b4/s-16259.png,86,65,39765664
b4/s-16265.png,121,76,39765664
b4/s-16266.png,179,64,39765664
b4/s-16287.png,139,176,39765664
b4/s-16288.png,121,84,39765664
b4/s-16289.png,116,150,39765664
b4/s-16290.png,128,83,39765664
b4/s-16291.png,176,87,39765664
b4/s-16301.png,155,41,39765664
b4/s-16302.png,82,10,39765664
b4/s-16303.png,23,57,39765664
b4/s-16329.png,48,75,39765664
b4/s-16330.png,113,115,39765664
b4/s-16346.png,25,253,39765664
b4/s-16347.png,136,141,39765664
b4/s-16358.png,121,72,39765664
b4/s-16359.png,180,246,39765664
b4/s-16360.png,178,111,39765664
b4/s-16407.png,105,61,39765664
b4/s-16408.png,115,133,39765664
b4/s-16409.png,118,198,39765664
b4/s-16412.png,159,37,39765664
b4/s-16413.png,135,193,39765664
b4/s-16414.png,241,113,39765664
b4/s-16438.png,67,124,39765664
b4/s-16439.png,237,245,39765664
b4/s-16470.png,4,7,39765664
b4/s-16471.png,79,83,39765664
b4/s-16492.png,114,150,39765664
b4/s-16493.png,76,143,39765664
b4/s-16494.png,66,96,39765664
b4/s-16502.png,12,78,39765664
b4/s-16503.png,155,63,39765664
b4/s-16519.png,122,81,39765664
b4/s-16520.png,139,191,39765664
b4/s-16529.png,216,200,39765664
b4/s-16530.png,63,20,39765664
b4/s-16531.png,149,88,39765664
b4/s-16532.png,80,222,39765664
b4/s-16533.png,209,179,39765664
b4/s-16536.png,96,95,39765664
b4/s-16537.png,72,101,39765664
b4/s-16538.png,252,97,39765664
b4/s-16549.png,20,84,39765664
b4/s-16550.png,141,180,39765664
b4/s-16559.png,142,32,39765664
b4/s-16560.png,41,142,39765664
b4/s-16576.png,31,177,39765664
b4/s-16577.png,237,26,39765664
b4/s-16626.png,129,79,39765664
b4/s-16627.png,14,106,39765664
b4/s-16630.png,129,55,39765664
b4/s-16631.png,160,22,39765664
b4/s-16632.png,11,124,39765664
b4/s-16699.png,134,238,39765664
b4/s-16700.png,219,41,39765664
b4/s-16701.png,89,209,39765664
b4/s-16721.png,234,23,39765664
b4/s-16722.png,91,121,39765664
b4/s-16723.png,116,143,39765664
b4/s-16733.png,92,86,39765664
b4/s-16734.png,79,205,39765664
b4/s-16735.png,39,4,39765664
b4/s-16748.png,67,181,39765664
b4/s-16749.png,107,149,39765664
b4/s-16750.png,40,134,39765664
b4/s-16765.png,100,55,39765664
b4/s-16766.png,148,194,39765664
b4/s-16767.png,6,188,39765664
b4/s-16770.png,97,139,39765664
b4/s-16771.png,196,120,39765664
b4/s-16772.png,116,35,39765664
b4/s-16778.png,153,118,39765664
b4/s-16779.png,89,157,39765664
b4/s-16793.png,60,175,39765664
b4/s-16794.png,171,150,39765664
b4/s-16871.png,89,13,39765664
b4/s-16872.png,209,146,39765664
b4/s-16873.png,69,213,39765664
b4/s-16876.png,144,76,39765664
b4/s-16877.png,87,94,39765664
b4/s-16878.png,41,76,39765664
b4/s-16889.png,10,82,39765664
b4/s-16890.png,158,92,39765664
b4/s-16891.png,222,178,39765664
b4/s-16892.png,51,104,39765664
b4/s-16893.png,57,224,39765664
b4/s-16901.png,216,133,39765664
b4/s-16902.png,182,228,39765664
b4/s-16903.png,45,229,39765664
b4/s-16945.png,150,21,39765664
b4/s-16946.png,85,199,39765664
b4/s-16947.png,216,8,39765664
b4/s-16997.png,229,78,39765664
b4/s-16998.png,60,175,39765664
b4/s-17014.png,182,197,39765664
b4/s-17015.png,126,42,39765664
b4/s-17016.png,244,20,39765664
b4/s-17017.png,38,74,39765664
b4/s-17018.png,156,92,39765664
b4/s-17019.png,91,177,39765664
b4/s-17020.png,26,231,39765664
b4/s-17068.png,85,38,39765664
b4/s-17069.png,92,10,39765664
b4/s-17114.png,45,236,39765664
b4/s-17115.png,217,205,39765664
b4/s-17116.png,250,53,39765664
b4/s-17122.png,82,80,39765664
b4/s-17123.png,46,55,39765664
b4/s-17197.png,130,107,39765664
b4/s-17198.png,86,31,39765664
b4/s-17199.png,237,35,39765664
b4/s-17308.png,220,192,39765664
b4/s-17309.png,89,216,39765664
b4/s-17315.png,99,112,39765664
b4/s-17316.png,66,104,39765664
b4/s-17317.png,144,89,39765664
b4/s-17318.png,200,63,39765664
b4/s-17319.png,63,69,39765664
b4/s-17357.png,59,89,39765664
b4/s-17358.png,136,8,39765664
b4/s-17386.png,100,43,39765664
b4/s-17387.png,165,7,39765664
b4/s-17388.png,199,143,39765664
b4/s-17396.png,241,147,39765664
b4/s-17397.png,231,3,39765664
b4/s-17406.png,160,151,39765664
b4/s-17407.png,37,188,39765664
b4/s-17428.png,116,178,39765664
b4/s-17429.png,112,1,39765664
b4/s-17462.png,20,240,39765664
b4/s-17463.png,163,80,39765664
b4/s-17477.png,250,30,39765664
b4/s-17478.png,55,125,39765664
b4/s-17538.png,163,90,39765664
b4/s-17539.png,191,142,39765664
b4/s-17540.png,21,101,39765664
b4/s-17585.png,115,56,39765664
b4/s-17586.png,155,163,39765664
b4/s-17587.png,107,6,39765664
b4/s-17627.png,163,61,39765664
b4/s-17628.png,239,214,39765664
b4/s-17629.png,176,160,39765664
b4/s-17635.png,46,133,39765664
b4/s-17636.png,147,41,39765664
b4/s-17637.png,207,112,39765664
b4/s-17638.png,160,196,39765664
b4/s-17639.png,238,91,39765664
b4/s-17659.png,119,57,39765664
b4/s-17660.png,11,17,39765664
b4/s-17661.png,162,189,39765664
b4/s-17686.png,120,56,39765664
b4/s-17687.png,125,247,39765664
b4/s-17688.png,4,47,39765664
b4/s-17706.png,40,123,39765664
b4/s-17707.png,138,153,39765664
b4/s-17718.png,109,195,39765664
b4/s-17719.png,76,224,39765664
b4/s-17757.png,74,115,39765664
b4/s-17758.png,80,45,39765664
b4/s-17762.png,50,120,39765664
b4/s-17763.png,140,105,39765664
b4/s-17769.png,129,198,39765664
b4/s-17770.png,198,116,39765664
b4/s-17771.png,224,193,39765664
b4/s-17779.png,78,180,39765664
b4/s-17780.png,135,19,39765664
b4/s-17799.png,34,170,39765664
b4/s-17800.png,72,19,39765664
b4/s-17806.png,178,235,39765664
b4/s-17807.png,70,106,39765664
b4/s-17808.png,82,116,39765664
b4/s-17824.png,231,195,39765664
b4/s-17825.png,227,30,39765664
b4/s-17858.png,12,56,39765664
b4/s-17859.png,57,179,39765664
b4/s-17863.png,142,14,39765664
b4/s-17864.png,114,111,39765664
b4/s-17865.png,210,155,39765664
b4/s-17866.png,229,190,39765664
b4/s-17867.png,220,65,39765664
b4/s-17885.png,114,173,39765664
b4/s-17886.png,243,115,39765664
b4/s-17944.png,203,172,39765664
b4/s-17945.png,228,116,39765664
b4/s-18003.png,42,94,39765664
b4/s-18004.png,213,213,39765664
b4/s-18015.png,126,62,39765664
b4/s-18016.png,24,161,39765664
b4/s-18017.png,144,179,39765664
b4/s-18102.png,9,245,39765664
b4/s-18103.png,205,25,39765664
b4/s-18114.png,63,140,39765664
b4/s-18115.png,133,61,39765664
b4/s-18129.png,234,93,39765664
b4/s-18130.png,67,30,39765664
b4/s-18157.png,88,246,39765664
b4/s-18158.png,170,211,39765664
b4/s-18191.png,130,97,39765664
b4/s-18192.png,220,6,39765664
b4/s-18193.png,134,32,39765664
b4/s-18194.png,129,226,39765664
b4/s-18195.png,183,250,39765664
b4/s-18213.png,91,78,39765664
b4/s-18214.png,49,211,39765664
b4/s-18215.png,104,157,39765664
b4/s-18221.png,154,47,39765664
b4/s-18222.png,144,26,39765664
b4/s-18223.png,103,168,39765664
b4/s-18224.png,181,94,39765664
b4/s-18225.png,110,96,39765664
b4/s-18226.png,141,150,39765664
b4/s-18227.png,174,186,39765664
b4/s-18233.png,82,88,39765664
b4/s-18234.png,113,178,39765664
b4/s-18235.png,11,225,39765664
b4/s-18275.png,233,174,39765664
b4/s-18276.png,139,38,39765664
b4/s-18277.png,31,91,39765664
b4/s-18280.png,195,161,39765664
b4/s-18281.png,20,38,39765664
b4/s-18282.png,159,81,39765664
b4/s-18283.png,194,133,39765664
b4/s-18284.png,150,50,39765664
b4/s-18285.png,100,159,39765664
b4/s-18286.png,172,130,39765664
b4/s-18302.png,24,42,39765664
b4/s-18303.png,74,11,39765664
b4/s-18304.png,100,30,39765664
b4/s-18305.png,17,7,39765664
b4/s-18306.png,108,207,39765664
b4/s-18314.png,97,19,39765664
b4/s-18315.png,94,167,39765664
b4/s-18316.png,247,84,39765664
b4/s-18359.png,206,125,39765664
b4/s-18360.png,245,36,39765664
b4/s-18379.png,141,83,39765664
b4/s-18380.png,135,236,39765664
b4/s-18391.png,148,253,39765664
b4/s-18392.png,34,55,39765664
b4/s-18412.png,93,62,39765664
b4/s-18413.png,101,131,39765664
b4/s-18434.png,224,199,39765664
b4/s-18435.png,162,176,39765664
b4/s-18446.png,161,38,39765664
b4/s-18447.png,148,29,39765664
b4/s-18448.png,87,235,39765664
b4/s-18451.png,95,80,39765664
b4/s-18452.png,66,79,39765664
b4/s-18453.png,66,246,39765664
b4/s-18476.png,231,194,39765664
b4/s-18477.png,160,185,39765664
b4/s-18490.png,130,87,39765664
b4/s-18491.png,13,152,39765664
b4/s-18492.png,54,251,39765664
b4/s-18495.png,113,205,39765664
b4/s-18496.png,182,116,39765664
b4/s-18497.png,31,174,39765664
b4/s-18522.png,176,176,39765664
b4/s-18523.png,95,7,39765664
b4/s-18524.png,239,141,39765664
b4/s-18529.png,122,26,39765664
b4/s-18530.png,204,188,39765664
b4/s-18531.png,47,214,39765664
b4/s-18539.png,86,19,39765664
b4/s-18540.png,252,223,39765664
b4/s-18541.png,38,37,39765664
b4/s-18554.png,15,209,39765664
b4/s-18555.png,185,11,39765664
b4/s-18596.png,84,96,39765664
b4/s-18597.png,21,81,39765664
b4/s-18608.png,65,182,39765664
b4/s-18609.png,81,78,39765664
b4/s-18656.png,98,162,39765664
b4/s-18657.png,147,119,39765664
b4/s-18697.png,101,27,39765664
b4/s-18698.png,124,189,39765664
b4/s-18699.png,72,103,39765664
b4/s-18717.png,241,47,39765664
b4/s-18718.png,13,130,39765664
b4/s-18734.png,242,72,39765664
b4/s-18735.png,179,75,39765664
b4/s-18786.png,31,50,39765664
b4/s-18787.png,27,247,39765664
b4/s-18810.png,79,34,39765664
b4/s-18811.png,189,225,39765664
b4/s-18812.png,237,144,39765664
b4/s-18818.png,17,2,39765664
b4/s-18819.png,26,89,39765664
b4/s-18825.png,252,251,39765664
b4/s-18826.png,120,153,39765664
b4/s-18837.png,173,55,39765664
b4/s-18838.png,185,99,39765664
b4/s-18839.png,206,240,39765664
b4/s-18852.png,148,91,39765664
b4/s-18853.png,28,80,39765664
b4/s-18871.png,126,75,39765664
b4/s-18872.png,193,188,39765664
b4/s-18873.png,103,123,39765664
b4/s-18876.png,93,90,39765664
b4/s-18877.png,73,227,39765664
b4/s-18878.png,195,26,39765664
b4/s-18881.png,238,66,39765664
b4/s-18882.png,13,247,39765664
b4/s-18883.png,18,91,39765664
b4/s-18911.png,133,99,39765664
b4/s-18912.png,97,177,39765664
b4/s-18916.png,131,133,39765664
b4/s-18917.png,59,58,39765664
b4/s-18970.png,28,113,39765664
b4/s-18971.png,235,67,39765664
b4/s-18990.png,237,175,39765664
b4/s-18991.png,215,73,39765664
b4/s-18997.png,153,50,39765664
b4/s-18998.png,149,5,39765664
b4/s-19009.png,163,81,39765664
b4/s-19010.png,240,226,39765664
b4/s-19011.png,96,172,39765664
b4/s-19039.png,117,47,39765664
b4/s-19040.png,38,13,39765664
b4/s-19053.png,163,59,39765664
b4/s-19054.png,39,162,39765664
b4/s-19055.png,177,214,39765664
b4/s-19078.png,244,242,39765664
b4/s-19079.png,88,1,39765664
b4/s-19090.png,171,80,39765664
b4/s-19091.png,104,39,39765664
b4/s-19092.png,150,39,39765664
b4/s-19093.png,190,35,39765664
b4/s-19094.png,118,40,39765664
b4/s-19165.png,2,57,39765664
b4/s-19166.png,68,136,39765664
b4/s-19167.png,193,41,39765664
b4/s-19180.png,212,125,39765664
b4/s-19181.png,241,140,39765664
b4/s-19217.png,173,240,39765664
b4/s-19218.png,140,72,39765664
b4/s-19237.png,118,171,39765664
b4/s-19238.png,204,63,39765664
b4/s-19303.png,25,141,39765664
b4/s-19304.png,215,132,39765664
b4/s-19305.png,160,66,39765664
b4/s-19306.png,55,103,39765664
b4/s-19307.png,86,2,39765664
b4/s-19310.png,90,112,39765664
b4/s-19311.png,156,71,39765664
b4/s-19312.png,3,64,39765664
b4/s-19335.png,132,47,39765664
b4/s-19336.png,183,227,39765664
b4/s-19391.png,130,78,39765664
b4/s-19392.png,57,85,39765664
b4/s-19393.png,191,32,39765664
b4/s-19411.png,162,176,39765664
b4/s-19412.png,188,141,39765664
b4/s-19413.png,58,175,39765664
b4/s-19416.png,83,186,39765664
b4/s-19417.png,146,106,39765664
b4/s-19418.png,153,162,39765664
b4/s-19431.png,124,251,39765664
b4/s-19432.png,100,107,39765664
b4/s-19433.png,76,134,39765664
b4/s-19434.png,223,39,39765664
b4/s-19435.png,39,239,39765664
b4/s-19448.png,82,46,39765664
b4/s-19449.png,1,231,39765664
b4/s-19455.png,238,206,39765664
b4/s-19456.png,68,170,39765664
b4/s-19457.png,209,236,39765664
b4/s-19467.png,147,85,39765664
b4/s-19468.png,222,130,39765664
b4/s-19469.png,138,241,39765664
b4/s-19499.png,174,33,39765664
b4/s-19500.png,44,69,39765664
b4/s-19501.png,214,208,39765664
b4/s-19531.png,132,86,39765664
b4/s-19532.png,21,254,39765664
b4/s-19533.png,1,210,39765664
b4/s-19544.png,135,171,39765664
b4/s-19545.png,214,240,39765664
b4/s-19556.png,17,45,39765664
b4/s-19557.png,30,219,39765664
b4/s-19649.png,252,86,39765664
b4/s-19650.png,179,111,39765664
b4/s-19651.png,175,113,39765664
b4/s-19742.png,38,215,39765664
b4/s-19743.png,196,183,39765664
b4/s-19744.png,210,256,39765664
b4/s-19757.png,82,29,39765664
b4/s-19758.png,26,83,39765664
b4/s-19799.png,2,196,39765664
b4/s-19800.png,115,182,39765664
b4/s-19811.png,127,158,39765664
b4/s-19812.png,229,96,39765664
b4/s-19823.png,114,80,39765664
b4/s-19824.png,247,35,39765664
b4/s-19825.png,52,125,39765664
b4/s-19848.png,82,90,39765664
b4/s-19849.png,184,100,39765664
b4/s-19867.png,128,24,39765664
b4/s-19868.png,18,39,39765664
b4/s-19869.png,123,232,39765664
b4/s-19877.png,105,51,39765664
b4/s-19878.png,115,217,39765664
b4/s-19879.png,213,72,39765664
b4/s-19882.png,238,41,39765664
b4/s-19883.png,59,126,39765664
b4/s-19884.png,185,88,39765664
b4/s-19954.png,122,8,39765664
b4/s-19955.png,101,13,39765664
b4/s-19981.png,121,131,39765664
b4/s-19982.png,239,3,39765664
b4/s-20018.png,239,118,39765664
b4/s-20019.png,38,101,39765664
b4/s-20060.png,5,37,39765664
b4/s-20061.png,132,250,39765664
b4/s-20062.png,106,61,39765664
b4/s-20063.png,239,71,39765664
b4/s-20064.png,248,102,39765664
b4/s-20087.png,61,112,39765664
b4/s-20088.png,228,188,39765664
b4/s-20089.png,177,142,39765664
b4/s-20107.png,213,37,39765664
b4/s-20108.png,143,157,39765664
b4/s-20124.png,243,168,39765664
b4/s-20125.png,176,26,39765664
b4/s-20156.png,34,110,39765664
b4/s-20157.png,184,219,39765664
b4/s-20229.png,110,19,39765664
b4/s-20230.png,80,133,39765664
b4/s-20231.png,250,151,39765664
b4/s-20242.png,226,63,39765664
b4/s-20243.png,238,240,39765664
b4/s-20249.png,52,209,39765664
b4/s-20250.png,146,255,39765664
b4/s-20266.png,207,169,39765664
b4/s-20267.png,120,218,39765664
b4/s-20268.png,163,220,39765664
b4/s-20283.png,13,43,39765664
b4/s-20284.png,115,169,39765664
b4/s-20285.png,236,130,39765664
b4/s-20315.png,202,123,39765664
b4/s-20316.png,11,100,39765664
b4/s-20317.png,195,200,39765664
b4/s-20323.png,128,197,39765664
b4/s-20324.png,141,246,39765664
b4/s-20342.png,103,28,39765664
b4/s-20343.png,251,253,39765664
b4/s-20344.png,250,102,39765664
b4/s-20352.png,84,109,39765664
b4/s-20353.png,229,229,39765664
b4/s-20354.png,0,24,39765664
b4/s-20360.png,122,199,39765664
b4/s-20361.png,14,82,39765664
b4/s-20387.png,243,52,39765664
b4/s-20388.png,241,241,39765664
b4/s-20405.png,137,103,39765664
b4/s-20406.png,76,171,39765664
b4/s-20407.png,170,90,39765664
b4/s-20408.png,18,183,39765664
b4/s-20409.png,250,229,39765664
b4/s-20415.png,219,162,39765664
b4/s-20416.png,59,65,39765664
b4/s-20425.png,11,218,39765664
b4/s-20426.png,251,142,39765664
b4/s-20444.png,134,61,39765664
b4/s-20445.png,4,16,39765664
b4/s-20446.png,8,150,39765664
b4/s-20514.png,135,221,39765664
b4/s-20515.png,49,54,39765664
b4/s-20528.png,154,13,39765664
b4/s-20529.png,238,46,39765664
b4/s-20530.png,49,44,39765664
b4/s-20536.png,45,116,39765664
b4/s-20537.png,198,17,39765664
b4/s-20558.png,127,233,39765664
b4/s-20559.png,94,76,39765664
b4/s-20595.png,126,49,39765664
b4/s-20596.png,162,36,39765664
b4/s-20622.png,72,251,39765664
b4/s-20623.png,44,222,39765664
b4/s-20666.png,144,213,39765664
b4/s-20667.png,20,172,39765664
b4/s-20668.png,164,26,39765664
b4/s-20669.png,244,133,39765664
b4/s-20670.png,28,52,39765664
b4/s-20678.png,161,16,39765664
b4/s-20679.png,11,210,39765664
b4/s-20680.png,125,59,39765664
b4/s-20681.png,186,100,39765664
b4/s-20682.png,6,150,39765664
b4/s-20705.png,154,84,39765664
b4/s-20706.png,214,234,39765664
b4/s-20707.png,170,167,39765664
b4/s-20762.png,207,78,39765664
b4/s-20763.png,234,97,39765664
b4/s-20779.png,152,98,39765664
b4/s-20780.png,54,114,39765664
b4/s-20784.png,108,63,39765664
b4/s-20785.png,43,10,39765664
b4/s-20808.png,91,131,39765664
b4/s-20809.png,148,36,39765664
b4/s-20810.png,187,220,39765664
b4/s-20833.png,116,164,39765664
b4/s-20834.png,45,123,39765664
b4/s-20904.png,22,75,39765664
b4/s-20905.png,51,245,39765664
b4/s-20916.png,234,83,39765664
b4/s-20917.png,202,200,39765664
b4/s-20918.png,94,245,39765664
b4/s-20929.png,215,231,39765664
b4/s-20930.png,231,44,39765664
b4/s-20980.png,221,230,39765664
b4/s-20981.png,149,186,39765664
b4/s-20982.png,62,227,39765664
b4/s-20985.png,216,135,39765664
b4/s-20986.png,210,223,39765664
b4/s-21024.png,31,201,39765664
b4/s-21025.png,35,77,39765664
b4/s-21026.png,5,157,39765664
b4/s-21029.png,128,44,39765664
b4/s-21030.png,228,138,39765664
b4/s-21031.png,38,139,39765664
b4/s-21044.png,66,102,39765664
b4/s-21045.png,167,117,39765664
b4/s-21046.png,104,29,39765664
b4/s-21047.png,160,252,39765664
b4/s-21048.png,204,166,39765664
b4/s-21051.png,102,98,39765664
b4/s-21052.png,235,98,39765664
b4/s-21053.png,217,197,39765664
b4/s-21059.png,55,46,39765664
b4/s-21060.png,32,10,39765664
b4/s-21088.png,32,48,39765664
b4/s-21089.png,116,153,39765664
b4/s-21093.png,88,146,39765664
b4/s-21094.png,228,187,39765664
b4/s-21112.png,150,63,39765664
b4/s-21113.png,172,42,39765664
b4/s-21114.png,26,152,39765664
b4/s-21120.png,248,123,39765664
b4/s-21121.png,238,111,39765664
b4/s-21137.png,126,198,39765664
b4/s-21138.png,6,162,39765664
b4/s-21139.png,138,64,39765664
b4/s-21140.png,80,192,39765664
b4/s-21141.png,23,47,39765664
b4/s-21149.png,89,250,39765664
b4/s-21150.png,248,109,39765664
b4/s-21151.png,211,128,39765664
b4/s-21213.png,45,49,39765664
b4/s-21214.png,78,47,39765664
b4/s-21220.png,95,231,39765664
b4/s-21221.png,126,170,39765664
b4/s-21225.png,62,201,39765664
b4/s-21226.png,181,210,39765664
b4/s-21254.png,159,50,39765664
b4/s-21255.png,37,215,39765664
b4/s-21256.png,160,196,39765664
b4/s-21353.png,169,60,39765664
b4/s-21354.png,160,129,39765664
b4/s-21358.png,10,77,39765664
b4/s-21359.png,29,32,39765664
b4/s-21365.png,50,0,39765664
b4/s-21366.png,125,5,39765664
b4/s-21370.png,123,57,39765664
b4/s-21371.png,218,164,39765664
b4/s-21385.png,84,108,39765664
b4/s-21386.png,81,217,39765664
b4/s-21397.png,177,100,39765664
b4/s-21398.png,151,159,39765664
b4/s-21424.png,95,100,39765664
b4/s-21425.png,51,223,39765664
b4/s-21431.png,111,152,39765664
b4/s-21432.png,119,172,39765664
b4/s-21448.png,109,111,39765664
b4/s-21449.png,5,149,39765664
b4/s-21450.png,236,179,39765664
b4/s-21458.png,184,160,39765664
b4/s-21459.png,51,16,39765664
b4/s-21460.png,95,90,39765664
b4/s-21461.png,83,76,39765664
b4/s-21462.png,75,198,39765664
b4/s-21483.png,197,202,39765664
b4/s-21484.png,171,133,39765664
b4/s-21492.png,113,60,39765664
b4/s-21493.png,142,240,39765664
b4/s-21494.png,54,85,39765664
b4/s-21500.png,22,208,39765664
b4/s-21501.png,132,234,39765664
b4/s-21507.png,35,188,39765664
b4/s-21508.png,237,92,39765664
b4/s-21509.png,101,59,39765664
b4/s-21510.png,88,7,39765664
b4/s-21511.png,55,206,39765664
b4/s-21517.png,215,235,39765664
b4/s-21518.png,171,43,39765664
b4/s-21524.png,109,53,39765664
b4/s-21525.png,88,79,39765664
b4/s-21526.png,222,246,39765664
b4/s-21581.png,243,242,39765664
b4/s-21582.png,100,204,39765664
b4/s-21586.png,145,229,39765664
b4/s-21587.png,195,1,39765664
b4/s-21615.png,146,12,39765664
b4/s-21616.png,250,232,39765664
b4/s-21664.png,133,62,39765664
b4/s-21665.png,200,147,39765664
b4/s-21666.png,246,193,39765664
b4/s-21691.png,192,222,39765664
b4/s-21692.png,24,104,39765664
b4/s-21693.png,122,199,39765664
b4/s-21696.png,160,219,39765664
b4/s-21697.png,211,219,39765664
b4/s-21698.png,15,205,39765664
b4/s-21704.png,216,0,39765664
b4/s-21705.png,93,5,39765664
b4/s-21711.png,203,193,39765664
b4/s-21712.png,80,179,39765664
b4/s-21743.png,157,50,39765664
b4/s-21744.png,82,231,39765664
b4/s-21745.png,56,120,39765664
b4/s-21773.png,194,140,39765664
b4/s-21774.png,105,152,39765664
b4/s-21775.png,63,174,39765664
b4/s-21800.png,93,212,39765664
b4/s-21801.png,209,239,39765664
b4/s-21802.png,55,179,39765664
b4/s-21805.png,193,125,39765664
b4/s-21806.png,39,162,39765664
b4/s-21807.png,103,251,39765664
b4/s-21822.png,94,83,39765664
b4/s-21823.png,100,55,39765664
b4/s-21824.png,175,223,39765664
b4/s-21839.png,161,44,39765664
b4/s-21840.png,55,195,39765664
b4/s-21841.png,149,197,39765664
b4/s-21884.png,16,221,39765664
b4/s-21885.png,237,146,39765664
b4/s-21886.png,153,29,39765664
b4/s-21887.png,35,243,39765664
b4/s-21888.png,207,236,39765664
b4/s-21897.png,116,137,39765664
b4/s-21898.png,153,210,39765664
b4/s-21929.png,55,77,39765664
b4/s-21930.png,4,21,39765664
b4/s-21949.png,230,128,39765664
b4/s-21950.png,163,245,39765664
b4/s-21954.png,164,144,39765664
b4/s-21955.png,158,51,39765664
b4/s-21956.png,196,68,39765664
b4/s-21957.png,232,106,39765664
b4/s-21958.png,219,186,39765664
b4/s-21978.png,105,48,39765664
b4/s-21979.png,18,206,39765664
b4/s-21980.png,100,38,39765664
b4/s-21981.png,201,69,39765664
b4/s-21982.png,252,14,39765664
b4/s-21983.png,54,199,39765664
b4/s-22025.png,120,65,39765664
b4/s-22026.png,252,4,39765664
b4/s-22027.png,17,66,39765664
b4/s-22043.png,109,106,39765664
b4/s-22044.png,39,137,39765664
b4/s-22045.png,97,16,39765664
b4/s-22046.png,131,157,39765664
b4/s-22047.png,114,252,39765664
b4/s-22050.png,92,83,39765664
b4/s-22051.png,249,3,39765664
b4/s-22052.png,17,65,39765664
b4/s-22083.png,95,237,39765664
b4/s-22084.png,180,23,39765664
b4/s-22105.png,60,153,39765664
b4/s-22106.png,203,109,39765664
b4/s-22112.png,83,232,39765664
b4/s-22113.png,130,27,39765664
b4/s-22114.png,120,115,39765664
b4/s-22137.png,235,199,39765664
b4/s-22138.png,228,95,39765664
b4/s-22139.png,143,116,39765664
b4/s-22149.png,168,111,39765664
b4/s-22150.png,13,17,39765664
b4/s-22151.png,102,201,39765664
b4/s-22171.png,157,51,39765664
b4/s-22172.png,208,174,39765664
b4/s-22173.png,89,13,39765664
b4/s-22174.png,147,193,39765664
b4/s-22175.png,156,210,39765664
b4/s-22176.png,158,42,39765664
b4/s-22177.png,251,123,39765664
b4/s-22178.png,52,9,39765664
b4/s-22181.png,133,106,39765664
b4/s-22182.png,11,43,39765664
b4/s-22183.png,33,79,39765664
b4/s-22203.png,150,15,39765664
b4/s-22204.png,9,219,39765664
b4/s-22205.png,68,45,39765664
b4/s-22208.png,124,109,39765664
b4/s-22209.png,18,28,39765664
b4/s-22210.png,123,214,39765664
b4/s-22223.png,72,205,39765664
b4/s-22224.png,59,94,39765664
b4/s-22225.png,129,201,39765664
b4/s-22228.png,115,79,39765664
b4/s-22229.png,186,237,39765664
b4/s-22248.png,182,242,39765664
b4/s-22249.png,240,7,39765664
b4/s-22258.png,218,56,39765664
b4/s-22259.png,208,231,39765664
b4/s-22273.png,7,81,39765664
b4/s-22274.png,20,217,39765664
b4/s-22285.png,218,196,39765664
b4/s-22286.png,190,227,39765664
b4/s-22315.png,81,35,39765664
b4/s-22316.png,67,148,39765664
b4/s-22342.png,37,113,39765664
b4/s-22343.png,139,51,39765664
b4/s-22404.png,14,200,39765664
b4/s-22405.png,29,54,39765664
b4/s-22421.png,125,15,39765664
b4/s-22422.png,245,9,39765664
b4/s-22423.png,88,36,39765664
b4/s-22456.png,25,8,39765664
b4/s-22457.png,159,84,39765664
b4/s-22508.png,170,253,39765664
b4/s-22509.png,222,178,39765664
b4/s-22533.png,160,34,39765664
b4/s-22534.png,159,39,39765664
b4/s-22582.png,116,20,39765664
b4/s-22583.png,172,232,39765664
b4/s-22584.png,248,200,39765664
b4/s-22617.png,97,21,39765664
b4/s-22618.png,245,77,39765664
b4/s-22619.png,42,226,39765664
b4/s-22622.png,70,160,39765664
b4/s-22623.png,14,217,39765664
b4/s-22624.png,16,197,39765664
b4/s-22630.png,229,220,39765664
b4/s-22631.png,65,105,39765664
b4/s-22635.png,199,199,39765664
b4/s-22636.png,77,79,39765664
b4/s-22652.png,15,220,39765664
b4/s-22653.png,136,58,39765664
b4/s-22659.png,119,50,39765664
b4/s-22660.png,218,182,39765664
b4/s-22661.png,141,155,39765664
b4/s-22667.png,167,31,39765664
b4/s-22668.png,136,7,39765664
b4/s-22687.png,164,140,39765664
b4/s-22688.png,9,110,39765664
b4/s-22692.png,99,138,39765664
b4/s-22710.png,28,176,39765664
b4/s-22711.png,95,46,39765664
b4/s-22714.png,61,224,39765664
b4/s-22719.png,231,233,39765664
b4/s-22720.png,136,164,39765664
b4/s-22724.png,240,182,39765664
b4/s-22725.png,211,87,39765664
b4/s-22820.png,187,74,39765664
b4/s-22821.png,202,38,39765664
b4/s-22827.png,106,54,39765664
b4/s-22828.png,60,238,39765664
b4/s-22829.png,110,46,39765664
b4/s-22830.png,58,110,39765664
b4/s-22831.png,228,226,39765664
b4/s-22874.png,94,79,39765664
b4/s-22875.png,45,214,39765664
b4/s-22876.png,254,121,39765664
b4/s-22892.png,206,148,39765664
b4/s-22893.png,48,71,39765664
b4/s-22921.png,133,62,39765664
b4/s-22922.png,203,162,39765664
b4/s-22923.png,27,227,39765664
b4/s-22938.png,128,97,39765664
b4/s-22939.png,83,105,39765664
b4/s-22940.png,77,183,39765664
b4/s-22976.png,75,250,39765664
b4/s-22977.png,74,144,39765664
b4/s-22978.png,246,201,39765664
b4/s-23018.png,143,17,39765664
b4/s-23019.png,4,144,39765664
b4/s-23020.png,14,128,39765664
b4/s-23033.png,128,114,39765664
b4/s-23034.png,7,195,39765664
b4/s-23035.png,200,114,39765664
b4/s-23043.png,24,211,39765664
b4/s-23044.png,87,132,39765664
b4/s-23045.png,40,234,39765664
b4/s-23068.png,247,228,39765664
b4/s-23069.png,191,29,39765664
b4/s-23090.png,155,213,39765664
b4/s-23091.png,86,61,39765664
b4/s-23107.png,93,79,39765664
b4/s-23108.png,86,31,39765664
b4/s-23109.png,89,147,39765664
b4/s-23120.png,6,7,39765664
b4/s-23121.png,210,127,39765664
b4/s-23125.png,34,63,39765664
b4/s-23126.png,90,83,39765664
b4/s-23127.png,78,136,39765664
b4/s-23128.png,58,246,39765664
b4/s-23129.png,55,163,39765664
b4/s-23177.png,113,162,39765664
b4/s-23178.png,182,235,39765664
b4/s-23194.png,105,66,39765664
b4/s-23195.png,23,204,39765664
b4/s-23196.png,97,206,39765664
b4/s-23211.png,33,48,39765664
b4/s-23212.png,254,63,39765664
b4/s-23213.png,254,56,39765664
b4/s-23216.png,203,249,39765664
b4/s-23217.png,247,256,39765664
b4/s-23218.png,137,90,39765664
b4/s-23219.png,110,6,39765664
b4/s-23220.png,195,124,39765664
b4/s-23233.png,132,73,39765664
b4/s-23234.png,45,114,39765664
b4/s-23235.png,186,11,39765664
b4/s-23278.png,247,21,39765664
b4/s-23279.png,66,102,39765664
b4/s-23295.png,168,175,39765664
b4/s-23296.png,13,256,39765664
b4/s-23332.png,97,247,39765664
b4/s-23333.png,97,221,39765664
b4/s-23381.png,33,111,39765664
b4/s-23382.png,254,108,39765664
b4/s-23383.png,166,111,39765664
b4/s-23384.png,166,69,39765664
b4/s-23385.png,230,198,39765664
b4/s-23411.png,153,253,39765664
b4/s-23412.png,226,30,39765664
b4/s-23426.png,200,142,39765664
b4/s-23427.png,217,84,39765664
b4/s-23441.png,215,49,39765664
b4/s-23442.png,67,93,39765664
b4/s-23453.png,102,83,39765664
b4/s-23454.png,141,20,39765664
b4/s-23455.png,118,223,39765664
b4/s-23491.png,14,73,39765664
b4/s-23492.png,171,86,39765664
b4/s-23510.png,163,66,39765664
b4/s-23511.png,179,149,39765664
b4/s-23512.png,160,247,39765664
b4/s-23530.png,165,45,39765664
b4/s-23531.png,28,2,39765664
b4/s-23532.png,254,169,39765664
b4/s-23535.png,108,112,39765664
b4/s-23536.png,220,87,39765664
b4/s-23537.png,5,225,39765664
b4/s-23555.png,90,179,39765664
b4/s-23556.png,164,35,39765664
b4/s-23557.png,163,54,39765664
b4/s-23558.png,196,189,39765664
b4/s-23559.png,179,188,39765664
b4/s-23590.png,17,63,39765664
b4/s-23591.png,150,151,39765664
b4/s-23602.png,63,14,39765664
b4/s-23603.png,187,233,39765664
b4/s-23607.png,211,60,39765664
b4/s-23608.png,44,229,39765664
b4/s-23609.png,158,99,39765664
b4/s-23610.png,135,203,39765664
b4/s-23611.png,113,65,39765664
b4/s-23614.png,150,96,39765664
b4/s-23615.png,70,99,39765664
b4/s-23616.png,148,179,39765664
b4/s-23642.png,19,37,39765664
b4/s-23643.png,22,234,39765664
b4/s-23649.png,134,21,39765664
b4/s-23650.png,78,186,39765664
b4/s-23651.png,144,198,39765664
b4/s-23674.png,194,27,39765664
b4/s-23675.png,193,194,39765664
b4/s-23689.png,95,60,39765664
b4/s-23690.png,202,225,39765664
b4/s-23699.png,103,178,39765664
b4/s-23700.png,54,254,39765664
b4/s-23736.png,172,209,39765664
b4/s-23737.png,180,254,39765664
b4/s-23753.png,169,216,39765664
b4/s-23754.png,173,96,39765664
b4/s-23768.png,27,129,39765664
b4/s-23769.png,98,75,39765664
b4/s-23780.png,111,100,39765664
b4/s-23781.png,136,16,39765664
b4/s-23782.png,35,152,39765664
b4/s-23832.png,119,16,39765664
b4/s-23833.png,83,228,39765664
b4/s-23834.png,74,4,39765664
b4/s-23859.png,86,28,39765664
b4/s-23860.png,239,70,39765664
b4/s-23861.png,175,79,39765664
b4/s-23869.png,117,30,39765664
b4/s-23870.png,98,240,39765664
b4/s-23871.png,248,59,39765664
b4/s-23877.png,209,81,39765664
b4/s-23878.png,86,209,39765664
b4/s-23902.png,54,24,39765664
b4/s-23903.png,56,196,39765664
b4/s-23984.png,138,193,39765664
b4/s-23985.png,160,183,39765664
b4/s-24011.png,97,94,39765664
b4/s-24012.png,150,71,39765664
b4/s-24043.png,69,56,39765664
b4/s-24044.png,91,162,39765664
b4/s-24045.png,223,22,39765664
b4/s-24060.png,149,63,39765664
b4/s-24061.png,70,236,39765664
b4/s-24062.png,28,119,39765664
b4/s-24070.png,244,125,39765664
b4/s-24071.png,86,36,39765664
b4/s-24072.png,224,126,39765664
b4/s-24135.png,203,115,39765664
b4/s-24136.png,144,179,39765664
b4/s-24140.png,178,39,39765664
b4/s-24141.png,203,102,39765664
b4/s-24150.png,58,35,39765664
b4/s-24151.png,158,185,39765664
b4/s-24165.png,188,54,39765664
b4/s-24166.png,6,25,39765664
b4/s-24199.png,136,104,39765664
b4/s-24215.png,57,1,39765664
b4/s-24216.png,253,78,39765664
b4/s-24232.png,107,197,39765664
b4/s-24233.png,136,129,39765664
b4/s-24234.png,227,29,39765664
b4/s-24277.png,170,211,39765664
b4/s-24278.png,191,201,39765664
b4/s-24319.png,0,118,39765664
b4/s-24320.png,252,111,39765664
b4/s-24326.png,167,43,39765664
b4/s-24327.png,235,41,39765664
b4/s-24328.png,174,61,39765664
b4/s-24329.png,108,78,39765664
b4/s-24330.png,152,6,39765664
b4/s-24339.png,163,160,39765664
b4/s-24340.png,171,223,39765664
b4/s-24368.png,115,99,39765664
b4/s-24369.png,34,4,39765664
b4/s-24370.png,14,192,39765664
b4/s-24378.png,150,49,39765664
b4/s-24379.png,88,99,39765664
b4/s-24380.png,39,140,39765664
b4/s-24408.png,183,149,39765664
b4/s-24409.png,174,179,39765664
b4/s-24410.png,186,52,39765664
b4/s-24415.png,134,34,39765664
b4/s-24416.png,42,55,39765664
b4/s-24417.png,63,181,39765664
b4/s-24433.png,152,228,39765664
b4/s-24434.png,228,176,39765664
b4/s-24470.png,249,195,39765664
b4/s-24471.png,239,127,39765664
b4/s-24472.png,121,63,39765664
b4/s-24473.png,91,93,39765664
b4/s-24474.png,188,0,39765664
b4/s-24485.png,116,100,39765664
b4/s-24486.png,16,71,39765664
b4/s-24529.png,109,108,39765664
b4/s-24530.png,119,11,39765664
b4/s-24531.png,237,66,39765664
b4/s-24542.png,170,230,39765664
b4/s-24543.png,177,54,39765664
b4/s-24547.png,65,44,39765664
b4/s-24548.png,108,47,39765664
b4/s-24549.png,119,231,39765664
b4/s-24550.png,159,68,39765664
b4/s-24551.png,129,253,39765664
b4/s-24557.png,44,45,39765664
b4/s-24558.png,70,238,39765664
b4/s-24574.png,6,79,39765664
b4/s-24575.png,250,140,39765664
b4/s-24596.png,56,115,39765664
b4/s-24597.png,222,255,39765664
b4/s-24608.png,123,20,39765664
b4/s-24609.png,136,229,39765664
b4/s-24610.png,220,131,39765664
b4/s-24623.png,177,150,39765664
b4/s-24624.png,212,70,39765664
b4/s-24625.png,39,4,39765664
b4/s-24653.png,83,82,39765664
b4/s-24654.png,130,69,39765664
b4/s-24655.png,118,72,39765664
b4/s-24656.png,210,89,39765664
b4/s-24657.png,205,178,39765664
b4/s-24673.png,166,100,39765664
b4/s-24674.png,116,177,39765664
b4/s-24687.png,169,103,39765664
b4/s-24688.png,70,66,39765664
b4/s-24689.png,241,32,39765664
b4/s-24705.png,37,74,39765664
b4/s-24706.png,73,47,39765664
b4/s-24732.png,77,7,39765664
b4/s-24733.png,152,169,39765664
b4/s-24734.png,226,132,39765664
b4/s-24744.png,113,50,39765664
b4/s-24745.png,15,203,39765664
b4/s-24746.png,182,88,39765664
b4/s-24762.png,246,213,39765664
b4/s-24763.png,130,117,39765664
b4/s-24767.png,67,119,39765664
b4/s-24768.png,234,234,39765664
b4/s-24779.png,207,58,39765664
b4/s-24780.png,127,221,39765664
b4/s-24804.png,153,213,39765664
b4/s-24805.png,223,143,39765664
b4/s-24821.png,168,81,39765664
b4/s-24822.png,191,29,39765664
b4/s-24823.png,193,208,39765664
b4/s-24836.png,63,153,39765664
b4/s-24837.png,199,102,39765664
b4/s-24848.png,119,99,39765664
b4/s-24849.png,85,152,39765664
b4/s-24850.png,182,245,39765664
b4/s-24861.png,200,234,39765664
b4/s-24862.png,58,109,39765664
b4/s-24878.png,7,41,39765664
b4/s-24879.png,42,64,39765664
b4/s-24880.png,219,239,39765664
b4/s-24883.png,69,241,39765664
b4/s-24884.png,220,141,39765664
b4/s-24885.png,176,183,39765664
b4/s-24888.png,38,61,39765664
b4/s-24889.png,22,221,39765664
b4/s-24890.png,51,23,39765664
b4/s-24898.png,207,5,39765664
b4/s-24899.png,32,202,39765664
b4/s-24918.png,170,190,39765664
b4/s-24919.png,69,132,39765664
b4/s-24947.png,99,28,39765664
b4/s-24948.png,36,107,39765664
b4/s-24949.png,132,37,39765664
b4/s-24950.png,204,70,39765664
b4/s-24951.png,141,201,39765664
b4/s-24957.png,91,179,39765664
b4/s-24958.png,69,192,39765664
b4/s-24959.png,58,51,39765664
b4/s-24962.png,41,125,39765664
b4/s-24963.png,63,166,39765664
b4/s-24964.png,77,104,39765664
b4/s-24997.png,215,256,39765664
b4/s-24998.png,172,43,39765664
b4/s-25036.png,102,24,39765664
b4/s-25037.png,120,177,39765664
b4/s-25038.png,221,26,39765664
b4/s-25084.png,8,179,39765664
b4/s-25085.png,10,226,39765664
b4/s-25091.png,228,133,39765664
b4/s-25092.png,61,129,39765664
b4/s-25093.png,102,162,39765664
b4/s-25131.png,43,16,39765664
b4/s-25132.png,219,137,39765664
b4/s-25133.png,158,12,39765664
b4/s-25134.png,63,141,39765664
b4/s-25135.png,23,93,39765664
b4/s-25153.png,219,3,39765664
b4/s-25154.png,189,173,39765664
b4/s-25155.png,147,3,39765664
b4/s-25232.png,156,48,39765664
b4/s-25233.png,198,13,39765664
b4/s-25234.png,249,162,39765664
b4/s-25250.png,0,256,39765664
b4/s-25251.png,111,173,39765664
b4/s-25262.png,176,256,39765664
b4/s-25263.png,13,247,39765664
b4/s-25272.png,204,227,39765664
b4/s-25273.png,124,215,39765664
b4/s-25287.png,138,167,39765664
b4/s-25288.png,98,8,39765664
b4/s-25294.png,23,70,39765664
b4/s-25295.png,193,52,39765664
b4/s-25296.png,65,109,39765664
b4/s-25302.png,4,225,39765664
b4/s-25303.png,99,206,39765664
b4/s-25319.png,156,245,39765664
b4/s-25349.png,128,69,39765664
b4/s-25350.png,51,62,39765664
b4/s-25351.png,69,168,39765664
b4/s-25411.png,28,137,39765664
b4/s-25412.png,35,19,39765664
b4/s-25450.png,133,197,39765664
b4/s-25451.png,83,246,39765664
b4/s-25484.png,129,35,39765664
b4/s-25485.png,76,239,39765664
b4/s-25486.png,18,70,39765664
b4/s-25529.png,17,3,39765664
b4/s-25530.png,166,48,39765664
b4/s-25531.png,7,205,39765664
b4/s-25532.png,221,227,39765664
b4/s-25533.png,198,110,39765664
b4/s-25541.png,104,103,39765664
b4/s-25542.png,97,49,39765664
b4/s-25543.png,191,253,39765664
b4/s-25608.png,10,82,39765664
b4/s-25609.png,56,122,39765664
b4/s-25618.png,179,100,39765664
b4/s-25619.png,232,256,39765664
b4/s-25736.png,146,148,39765664
b4/s-25737.png,176,128,39765664
b4/s-25738.png,41,81,39765664
b4/s-25746.png,215,207,39765664
b4/s-25747.png,34,175,39765664
b4/s-25748.png,149,26,39765664
b4/s-25749.png,177,175,39765664
b4/s-25750.png,181,217,39765664
b4/s-25753.png,133,95,39765664
b4/s-25754.png,16,182,39765664
b4/s-25755.png,83,206,39765664
b4/s-25783.png,107,227,39765664
b4/s-25784.png,118,134,39765664
b4/s-25830.png,108,12,39765664
b4/s-25831.png,230,141,39765664
b4/s-25837.png,139,95,39765664
b4/s-25838.png,224,196,39765664
b4/s-25839.png,40,54,39765664
b4/s-25874.png,45,48,39765664
b4/s-25875.png,62,201,39765664
b4/s-25876.png,205,255,39765664
b4/s-25882.png,9,171,39765664
b4/s-25883.png,5,79,39765664
b4/s-25889.png,30,62,39765664
b4/s-25890.png,153,224,39765664
b4/s-25926.png,40,237,39765664
b4/s-25932.png,79,38,39765664
b4/s-25933.png,67,48,39765664
b4/s-25942.png,127,224,39765664
b4/s-25943.png,98,37,39765664
b4/s-25973.png,124,181,39765664
b4/s-25974.png,176,148,39765664
b4/s-25980.png,153,74,39765664
b4/s-25981.png,26,116,39765664
b4/s-25982.png,70,77,39765664
b4/s-25995.png,125,55,39765664
b4/s-25996.png,185,230,39765664
b4/s-25997.png,178,43,39765664
b4/s-26032.png,109,105,39765664
b4/s-26033.png,18,180,39765664
b4/s-26034.png,58,26,39765664
b4/s-26042.png,159,35,39765664
b4/s-26043.png,40,160,39765664
b4/s-26044.png,48,21,39765664
b4/s-26050.png,73,91,39765664
b4/s-26051.png,117,211,39765664
b4/s-26064.png,107,54,39765664
b4/s-26065.png,120,52,39765664
b4/s-26066.png,29,245,39765664
b4/s-26089.png,8,73,39765664
b4/s-26090.png,120,57,39765664
b4/s-26091.png,28,131,39765664
b4/s-26097.png,124,55,39765664
b4/s-26098.png,15,131,39765664
b4/s-26104.png,50,239,39765664
b4/s-26105.png,239,102,39765664
b4/s-26106.png,191,142,39765664
b4/s-26124.png,9,213,39765664
b4/s-26125.png,69,4,39765664
b4/s-26141.png,147,131,39765664
b4/s-26142.png,0,38,39765664
b4/s-26143.png,208,204,39765664
b4/s-26154.png,239,71,39765664
b4/s-26155.png,197,21,39765664
b4/s-26166.png,188,56,39765664
b4/s-26167.png,130,100,39765664
b4/s-26171.png,218,131,39765664
b4/s-26172.png,194,12,39765664
b4/s-26211.png,176,65,39765664
b4/s-26212.png,27,223,39765664
b4/s-26221.png,207,105,39765664
b4/s-26222.png,181,180,39765664
b4/s-26226.png,221,249,39765664
b4/s-26227.png,30,181,39765664
b4/s-26228.png,211,60,39765664
b4/s-26288.png,134,42,39765664
b4/s-26289.png,45,151,39765664
b4/s-26290.png,91,172,39765664
b4/s-26306.png,240,129,39765664
b4/s-26307.png,86,144,39765664
b4/s-26323.png,2,213,39765664
b4/s-26324.png,34,176,39765664
b4/s-26325.png,142,136,39765664
b4/s-26333.png,112,191,39765664
b4/s-26334.png,43,18,39765664
b4/s-26335.png,54,10,39765664
b4/s-26338.png,57,1,39765664
b4/s-26339.png,184,110,39765664
b4/s-26340.png,57,8,39765664
b4/s-26353.png,31,180,39765664
b4/s-26354.png,180,74,39765664
b4/s-26360.png,81,248,39765664
b4/s-26361.png,130,256,39765664
b4/s-26362.png,115,16,39765664
b4/s-26363.png,34,145,39765664
b4/s-26364.png,26,212,39765664
b4/s-26390.png,138,71,39765664
b4/s-26391.png,251,252,39765664
b4/s-26438.png,215,85,39765664
b4/s-26439.png,7,204,39765664
b4/s-26460.png,58,58,39765664
b4/s-26461.png,142,164,39765664
b4/s-26462.png,101,92,39765664
b4/s-26463.png,17,88,39765664
b4/s-26464.png,180,78,39765664
b4/s-26472.png,171,29,39765664
b4/s-26473.png,82,215,39765664
b4/s-26474.png,6,204,39765664
b4/s-26480.png,2,178,39765664
b4/s-26481.png,49,56,39765664
b4/s-26490.png,139,226,39765664
b4/s-26491.png,114,71,39765664
b4/s-26512.png,238,58,39765664
b4/s-26513.png,96,41,39765664
b4/s-26514.png,137,110,39765664
b4/s-26515.png,50,60,39765664
b4/s-26516.png,74,16,39765664
b4/s-26524.png,26,98,39765664
b4/s-26525.png,4,172,39765664
b4/s-26526.png,33,43,39765664
b4/s-26554.png,194,175,39765664
b4/s-26555.png,137,74,39765664
b4/s-26556.png,252,101,39765664
b4/s-26592.png,198,117,39765664
b4/s-26593.png,241,56,39765664
b4/s-26629.png,8,187,39765664
b4/s-26630.png,31,60,39765664
b4/s-26648.png,162,65,39765664
b4/s-26649.png,128,66,39765664
b4/s-26650.png,10,11,39765664
b4/s-26743.png,82,111,39765664
b4/s-26744.png,245,70,39765664
b4/s-26798.png,17,99,39765664
b4/s-26799.png,246,33,39765664
b4/s-26800.png,22,77,39765664
b4/s-26803.png,246,139,39765664
b4/s-26804.png,71,207,39765664
b4/s-26810.png,164,54,39765664
b4/s-26811.png,26,153,39765664
b4/s-26812.png,169,138,39765664
b4/s-26818.png,172,49,39765664
b4/s-26819.png,108,9,39765664
b4/s-26830.png,94,74,39765664
b4/s-26831.png,9,189,39765664
b4/s-26832.png,16,9,39765664
b4/s-26838.png,244,73,39765664
b4/s-26839.png,28,240,39765664
b4/s-26840.png,55,164,39765664
b4/s-26860.png,84,2,39765664
b4/s-26861.png,59,162,39765664
b4/s-26862.png,108,193,39765664
b4/s-26906.png,109,28,39765664
b4/s-26907.png,147,95,39765664
b4/s-26908.png,206,44,39765664
b4/s-26909.png,35,208,39765664
b4/s-26910.png,87,180,39765664
b4/s-26940.png,146,31,39765664
b4/s-26941.png,45,111,39765664
b4/s-26942.png,31,162,39765664
b4/s-26953.png,153,213,39765664
b4/s-26954.png,209,150,39765664
b4/s-26961.png,59,232,39765664
b4/s-26962.png,178,87,39765664
b4/s-26966.png,61,254,39765664
b4/s-26967.png,170,171,39765664
b4/s-26983.png,86,88,39765664
b4/s-26984.png,198,124,39765664
b4/s-26990.png,183,69,39765664
b4/s-26991.png,12,169,39765664
b4/s-26992.png,53,215,39765664
b4/s-26995.png,113,164,39765664
b4/s-27003.png,246,180,39765664
b4/s-27004.png,147,48,39765664
b4/s-27005.png,101,194,39765664
b4/s-27008.png,241,37,39765664
b4/s-27009.png,11,56,39765664
b4/s-27041.png,22,88,39765664
b4/s-27049.png,32,219,39765664
b4/s-27050.png,217,51,39765664
b4/s-27059.png,44,231,39765664
b4/s-27060.png,96,223,39765664
